index,filename,latency_s,num_detections,warmup
2,000000000632.jpg,0.740026159999843,5,True
3,000000000724.jpg,0.7311363359999632,2,True
4,000000000776.jpg,0.7240646289999404,2,True
6,000000000802.jpg,0.7211598799999592,2,False
8,000000000885.jpg,0.728202660000079,4,False
9,000000001000.jpg,0.7425373710000258,14,False
10,000000001268.jpg,0.7250380770001357,6,False
11,000000001296.jpg,0.7395641210000576,2,False
13,000000001425.jpg,0.722394310000027,2,False
15,000000001503.jpg,0.7260949320000236,4,False
17,000000001584.jpg,0.7461565300000075,5,False
18,000000001675.jpg,0.7247087060000013,2,False
20,000000001818.jpg,0.7269622310000159,1,False
22,000000002006.jpg,0.7287232549999771,4,False
23,000000002149.jpg,0.7226176799999848,4,False
24,000000002153.jpg,0.7456671949998963,5,False
25,000000002157.jpg,0.7265239149999161,9,False
26,000000002261.jpg,0.7344659949999368,1,False
27,000000002299.jpg,0.7225438659997963,11,False
29,000000002473.jpg,0.7407336430001124,5,False
31,000000002587.jpg,0.722522311000148,1,False
32,000000002592.jpg,0.7404165129999001,1,False
33,000000002685.jpg,0.7303474259999803,7,False
34,000000002923.jpg,0.7379217829998197,2,False
35,000000003156.jpg,0.7270225459999438,2,False
36,000000003255.jpg,0.7403549009998187,4,False
37,000000003501.jpg,0.7296990540000934,2,False
38,000000003553.jpg,0.7429971320000277,2,False
40,000000003845.jpg,0.7375859300000229,6,False
41,000000003934.jpg,0.7277044370000567,6,False
43,000000004395.jpg,0.7422057960000075,2,False
44,000000004495.jpg,0.7244458349998695,3,False
46,000000004795.jpg,0.7217816419999963,2,False
47,000000005001.jpg,0.7429808540000522,14,False
48,000000005037.jpg,0.7410670700000992,4,False
50,000000005193.jpg,0.7320748199999798,11,False
52,000000005503.jpg,0.7421867589998783,2,False
54,000000005586.jpg,0.7245374829999491,5,False
56,000000005992.jpg,0.7275202509999872,5,False
58,000000006040.jpg,0.7224769769998147,2,False
60,000000006460.jpg,0.7424487600001157,2,False
61,000000006471.jpg,0.7249456700001247,11,False
62,000000006614.jpg,0.7383448210000552,0,False
63,000000006723.jpg,0.7201406920000863,3,False
64,000000006763.jpg,0.7404562719998466,2,False
65,000000006771.jpg,0.7216176410001935,6,False
66,000000006818.jpg,0.73719668800004,1,False
68,000000006954.jpg,0.7240764070002115,7,False
70,000000007108.jpg,0.7258886170000096,3,False
71,000000007278.jpg,0.7432228359998589,1,False
72,000000007281.jpg,0.7297032950000357,6,False
74,000000007511.jpg,0.7240905559999646,4,False
76,000000007784.jpg,0.7351010889999543,1,False
78,000000007816.jpg,0.735290108000072,8,False
79,000000007818.jpg,0.7214393250001194,4,False
81,000000007977.jpg,0.7306778350000513,2,False
82,000000007991.jpg,0.7254510600000685,2,False
83,000000008021.jpg,0.7439047640000354,4,False
84,000000008211.jpg,0.7292453860000023,4,False
85,000000008277.jpg,0.7442234869999993,2,False
86,000000008532.jpg,0.7264990259998285,2,False
88,000000008690.jpg,0.7214793630000713,3,False
89,000000008762.jpg,0.7368838719999076,5,False
90,000000008844.jpg,0.7217718450001485,3,False
91,000000008899.jpg,0.7290630899999542,1,False
93,000000009400.jpg,0.731223669999963,18,False
95,000000009483.jpg,0.7583628269999281,7,False
96,000000009590.jpg,0.7370984839999437,13,False
97,000000009769.jpg,0.7231992009999431,3,False
98,000000009772.jpg,0.7391383420001603,3,False
100,000000009914.jpg,0.7270182130000649,5,False
102,000000010363.jpg,0.7230109219999576,3,False
103,000000010583.jpg,0.7404445310000938,2,False
105,000000010764.jpg,0.7243564269999752,2,False
106,000000010977.jpg,0.7394473439999274,2,False
108,000000011051.jpg,0.7430313359998308,3,False
109,000000011122.jpg,0.7214371589998336,1,False
110,000000011149.jpg,0.7379745240000375,4,False
111,000000011197.jpg,0.7282612170001812,8,False
112,000000011511.jpg,0.7387074150001354,5,False
113,000000011615.jpg,0.723430406000034,0,False
114,000000011699.jpg,0.7425301860000673,4,False
115,000000011760.jpg,0.7245460939998338,3,False
116,000000011813.jpg,0.739972084999863,0,False
118,000000012120.jpg,0.7228094399999918,6,False
119,000000012280.jpg,0.735693498000046,2,False
120,000000012576.jpg,0.7261610430000474,15,False
122,000000012667.jpg,0.7205706380000265,1,False
124,000000012748.jpg,0.737873190000073,2,False
126,000000013177.jpg,0.7415111820000675,4,False
127,000000013201.jpg,0.7321736549999969,2,False
128,000000013291.jpg,0.7445417289998204,8,False
129,000000013348.jpg,0.7207351380000091,1,False
130,000000013546.jpg,0.7424358520001988,7,False
131,000000013597.jpg,0.7301150190000953,1,False
133,000000013729.jpg,0.7342485680001118,7,False
135,000000013923.jpg,0.73884284199994,11,False
137,000000014038.jpg,0.7212481339997794,3,False
139,000000014380.jpg,0.7281371320000289,1,False
140,000000014439.jpg,0.7413860430001478,12,False
142,000000014831.jpg,0.7407222900001216,1,False
143,000000014888.jpg,0.7251999779996368,0,False
144,000000015079.jpg,0.7527660620003189,3,False
145,000000015254.jpg,0.722639877000347,5,False
146,000000015272.jpg,0.7271990229996845,1,False
148,000000015335.jpg,0.7243861860001743,5,False
150,000000015440.jpg,0.7220742470003643,2,False
151,000000015497.jpg,0.7376197629996568,2,False
152,000000015517.jpg,0.7214576410001428,4,False
154,000000015660.jpg,0.7341390130000036,7,False
155,000000015746.jpg,0.7255195640000238,1,False
156,000000015751.jpg,0.7353180410000277,2,False
157,000000015956.jpg,0.7229076749999876,2,False
158,000000016010.jpg,0.735214975999952,4,False
159,000000016228.jpg,0.7261663260001114,9,False
160,000000016249.jpg,0.7698693960001037,8,False
161,000000016439.jpg,0.7220677949999299,2,False
163,000000016502.jpg,0.7250262030001977,1,False
165,000000016958.jpg,0.743721209999876,6,False
166,000000017029.jpg,0.7214568670001427,3,False
167,000000017031.jpg,0.7374377259998255,2,False
169,000000017178.jpg,0.7410114409999551,4,False
171,000000017207.jpg,0.7309008619999986,5,False
173,000000017436.jpg,0.7213274079999792,2,False
174,000000017627.jpg,0.7399826010000652,11,False
175,000000017714.jpg,0.7521557649997703,5,False
176,000000017899.jpg,0.746803090999947,6,False
178,000000017959.jpg,0.7195866719998776,5,False
179,000000018150.jpg,0.7358988410001075,5,False
181,000000018380.jpg,0.7418031040001551,34,False
182,000000018491.jpg,0.7287214379998659,7,False
183,000000018519.jpg,0.7439186790002168,1,False
184,000000018575.jpg,0.7254538689999208,6,False
186,000000018770.jpg,0.7374452830003975,2,False
188,000000018837.jpg,0.7356051130000196,4,False
189,000000019042.jpg,0.7190710719996787,2,False
191,000000019221.jpg,0.7355367889999798,2,False
192,000000019402.jpg,0.7228404860002229,1,False
193,000000019432.jpg,0.7423905330001617,12,False
194,000000019742.jpg,0.72329261699997,1,False
195,000000019786.jpg,0.7388868750003894,2,False
196,000000019924.jpg,0.7248415889998796,2,False
197,000000020059.jpg,0.7332848709997961,2,False
198,000000020107.jpg,0.723706291000326,1,False
199,000000020247.jpg,0.7423756030002551,2,False
200,000000020333.jpg,0.7256818370001383,3,False
201,000000020553.jpg,0.7409211809999761,1,False
202,000000020571.jpg,0.7236064710000392,3,False
203,000000020992.jpg,0.7328807720000441,1,False
204,000000021167.jpg,0.721896924000248,3,False
205,000000021465.jpg,0.7349719799999548,3,False
207,000000021604.jpg,0.7798613119998663,2,False
208,000000021839.jpg,0.7274851379997926,7,False
209,000000021879.jpg,0.7269502980002471,6,False
211,000000022192.jpg,0.7250684150003508,2,False
212,000000022371.jpg,0.7442565669998658,4,False
214,000000022479.jpg,0.752262697000333,2,False
215,000000022589.jpg,0.725699791000352,2,False
216,000000022623.jpg,0.7404198350000115,0,False
218,000000022755.jpg,0.7203434170000946,2,False
219,000000022892.jpg,0.748499382999853,3,False
221,000000022969.jpg,0.7380806249998386,2,False
223,000000023034.jpg,0.7247797469999568,4,False
224,000000023126.jpg,0.7550039540001308,2,False
226,000000023272.jpg,0.7371889539999756,2,False
227,000000023359.jpg,0.7280616230000305,2,False
229,000000023751.jpg,0.7350952320002762,2,False
231,000000023899.jpg,0.7282683920002455,3,False
232,000000023937.jpg,0.7229496489999292,2,False
233,000000024021.jpg,0.737266094000006,0,False
234,000000024027.jpg,0.722884749000059,3,False
236,000000024243.jpg,0.7313941100001102,5,False
238,000000024610.jpg,0.7405846779997773,4,False
239,000000024919.jpg,0.7554279870000755,2,False
240,000000025057.jpg,0.7441321199999038,3,False
241,000000025096.jpg,0.7214431459997286,4,False
242,000000025139.jpg,0.7332469400002992,1,False
243,000000025181.jpg,0.7193858670002555,3,False
244,000000025228.jpg,0.7402617409998129,2,False
246,000000025393.jpg,0.7247235509998973,5,False
248,000000025424.jpg,0.7243413750002219,3,False
250,000000025593.jpg,0.7301934259999143,0,False
252,000000025986.jpg,0.7352059050003845,6,False
253,000000026204.jpg,0.7193303710000691,9,False
254,000000026465.jpg,0.7401697689997491,4,False
255,000000026564.jpg,0.7236916010001551,7,False
256,000000026690.jpg,0.7420528470001955,9,False
258,000000026941.jpg,0.7397559359997103,7,False
260,000000027620.jpg,0.7262106809998841,6,False
262,000000027768.jpg,0.7322951649998686,2,False
263,000000027932.jpg,0.7376075759998457,0,False
265,000000027982.jpg,0.724444080000012,1,False
266,000000028285.jpg,0.738152619000175,1,False
268,000000028452.jpg,0.7456415000001471,2,False
269,000000028809.jpg,0.7266093769999316,2,False
270,000000028993.jpg,0.747872704999736,2,False
271,000000029187.jpg,0.729514225999992,2,False
272,000000029393.jpg,0.7395468559998335,1,False
273,000000029397.jpg,0.7283630239999184,2,False
274,000000029596.jpg,0.7429953309997472,5,False
275,000000029640.jpg,0.7261635370000477,14,False
276,000000029675.jpg,0.7357887190000838,3,False
277,000000029984.jpg,0.7309814000000188,7,False
278,000000030213.jpg,0.7437737000000197,5,False
280,000000030504.jpg,0.7265077929996551,3,False
281,000000030675.jpg,0.7322113549998903,1,False
282,000000030785.jpg,0.7239929479997045,2,False
283,000000030828.jpg,0.7302605539998694,4,False
284,000000031050.jpg,0.7238640549999218,2,False
285,000000031093.jpg,0.7377690149996852,4,False
286,000000031118.jpg,0.7244513199998437,9,False
287,000000031217.jpg,0.7366515559997424,3,False
288,000000031248.jpg,0.7245079620001889,4,False
289,000000031269.jpg,0.7340413310002987,3,False
290,000000031296.jpg,0.727735575999759,26,False
291,000000031322.jpg,0.7385603630000332,14,False
292,000000031620.jpg,0.7573999249998451,4,False
293,000000031735.jpg,0.7424722109999493,4,False
294,000000031749.jpg,0.7270103259997995,1,False
295,000000031817.jpg,0.7356377989999601,3,False
296,000000032038.jpg,0.7248837669999375,2,False
297,000000032081.jpg,0.739502499000082,2,False
298,000000032285.jpg,0.7228407810002864,1,False
299,000000032334.jpg,0.744373966999774,10,False
301,000000032610.jpg,0.7280264319997514,5,False
303,000000032811.jpg,0.7276426859998537,2,False
304,000000032817.jpg,0.7731383469999855,5,False
305,000000032861.jpg,0.7275844300002063,2,False
306,000000032887.jpg,0.7537886200002504,2,False
308,000000032941.jpg,0.7224623639999663,6,False
309,000000033005.jpg,0.7409357830001682,2,False
310,000000033104.jpg,0.7274368650000724,5,False
311,000000033109.jpg,0.7408858730000247,6,False
312,000000033114.jpg,0.7264731140003278,2,False
313,000000033221.jpg,0.7447042660000989,8,False
314,000000033368.jpg,0.7305810719999499,2,False
316,000000033707.jpg,0.7268768110002384,1,False
318,000000033854.jpg,0.7320512840001356,11,False
319,000000034071.jpg,0.7325068509999255,2,False
321,000000034205.jpg,0.7194442169998183,0,False
322,000000034257.jpg,0.7413275839999187,1,False
324,000000034452.jpg,0.7269651159999739,3,False
326,000000034873.jpg,0.7261814560001767,7,False
328,000000035197.jpg,0.7209570209997764,3,False
330,000000035326.jpg,0.7432950510001319,1,False
331,000000035682.jpg,0.7296202539996557,9,False
332,000000035770.jpg,0.7421458629996778,0,False
333,000000035963.jpg,0.723099259999799,1,False
335,000000036539.jpg,0.7255450790003124,4,False
336,000000036660.jpg,0.7307365789997675,6,False
338,000000036844.jpg,0.7275347760000841,6,False
340,000000036936.jpg,0.7233762369996839,9,False
342,000000037689.jpg,0.7484742239998923,9,False
344,000000037751.jpg,0.7538055089999034,2,False
345,000000037777.jpg,0.7226581499999156,4,False
347,000000038048.jpg,0.7358066440001494,2,False
349,000000038118.jpg,0.7396178199996939,1,False
351,000000038576.jpg,0.7208209039999929,5,False
353,000000038825.jpg,0.7153955810003936,2,False
355,000000039405.jpg,0.7275565499999175,8,False
356,000000039477.jpg,0.7635313529999621,5,False
357,000000039480.jpg,0.7251803379999728,4,False
358,000000039484.jpg,0.7472346299996389,12,False
360,000000039670.jpg,0.7267546010002661,1,False
361,000000039769.jpg,0.7404195730000538,4,False
362,000000039785.jpg,0.7194134270002905,2,False
363,000000039914.jpg,0.7355391629998849,6,False
364,000000039951.jpg,0.7226426050001464,3,False
365,000000039956.jpg,0.7392854270001408,3,False
366,000000040036.jpg,0.7234370820001459,2,False
367,000000040083.jpg,0.7315386090003813,8,False
369,000000040757.jpg,0.7210982390001845,2,False
371,000000041633.jpg,0.7207610479999857,2,False
373,000000041872.jpg,0.7269487590001518,5,False
374,000000041888.jpg,0.7266743790000874,3,False
376,000000042070.jpg,0.7237732260000485,1,False
377,000000042102.jpg,0.7356029489997127,3,False
379,000000042276.jpg,0.7432288850000077,2,False
381,000000042528.jpg,0.7207654449998699,2,False
382,000000042563.jpg,0.7423894399998971,1,False
383,000000042628.jpg,0.7554683409998688,6,False
384,000000042888.jpg,0.7366985050002768,0,False
385,000000042889.jpg,0.7292068789997757,3,False
386,000000043314.jpg,0.7384302990003562,3,False
387,000000043435.jpg,0.7247681110002304,2,False
388,000000043581.jpg,0.740833826999733,2,False
390,000000043816.jpg,0.7385488740001165,5,False
391,000000044068.jpg,0.7241311930001757,2,False
392,000000044195.jpg,0.7417442109999683,3,False
393,000000044260.jpg,0.7249152979998144,2,False
395,000000044590.jpg,0.7393718929997704,16,False
397,000000044699.jpg,0.729680315999758,6,False
399,000000045070.jpg,0.7264306570000372,1,False
400,000000045090.jpg,0.7335574549997546,3,False
402,000000045472.jpg,0.7469123790001504,11,False
403,000000045550.jpg,0.7291544839999915,8,False
404,000000045596.jpg,0.7403022449998389,1,False
405,000000045728.jpg,0.7255129879999913,0,False
406,000000046031.jpg,0.7306772920001094,6,False
408,000000046252.jpg,0.7230049470003905,5,False
409,000000046378.jpg,0.7306954949999636,1,False
410,000000046463.jpg,0.7252763850001429,1,False
411,000000046497.jpg,0.7390268050003215,4,False
412,000000046804.jpg,0.727129488999708,1,False
414,000000047010.jpg,0.7364431060000243,3,False
415,000000047112.jpg,0.7532653910002409,6,False
416,000000047121.jpg,0.7291566280000552,2,False
417,000000047571.jpg,0.7448742319998019,3,False
418,000000047585.jpg,0.7233343960001548,6,False
419,000000047740.jpg,0.7433514429999377,2,False
421,000000047801.jpg,0.7296310219999214,1,False
423,000000047828.jpg,0.7260576829999081,7,False
425,000000048396.jpg,0.7492891940000845,4,False
426,000000048504.jpg,0.7289890560000458,3,False
428,000000048564.jpg,0.7340636320000158,2,False
430,000000049060.jpg,0.7283874409999953,4,False
432,000000049259.jpg,0.7438245919997826,1,False
433,000000049269.jpg,0.7331427350000013,2,False
434,000000049759.jpg,0.746191915000054,16,False
435,000000049761.jpg,0.7293736090000493,5,False
436,000000049810.jpg,0.74029383900006,2,False
438,000000050145.jpg,0.7274700970001504,5,False
439,000000050149.jpg,0.7363712580004176,7,False
440,000000050165.jpg,0.7274395180002102,1,False
442,000000050331.jpg,0.7223608250001234,2,False
443,000000050380.jpg,0.7437209559998337,7,False
444,000000050638.jpg,0.7270078030001059,1,False
445,000000050679.jpg,0.7456459489999361,6,False
446,000000050811.jpg,0.7274328120001883,5,False
447,000000050828.jpg,0.7423610399996505,2,False
448,000000050844.jpg,0.7256212199999936,2,False
449,000000050896.jpg,0.7499626369999532,10,False
450,000000050943.jpg,0.7257679019999159,1,False
451,000000051008.jpg,0.7468792429999667,2,False
453,000000051314.jpg,0.7261492200000248,2,False
455,000000051598.jpg,0.7233879860000343,1,False
456,000000051610.jpg,0.7472306319996278,2,False
457,000000051712.jpg,0.7246175559998846,2,False
459,000000051938.jpg,0.7391277329998047,5,False
460,000000051961.jpg,0.7199592070001017,1,False
461,000000051976.jpg,0.7386365180000212,2,False
462,000000052007.jpg,0.7262239909996424,5,False
464,000000052412.jpg,0.7197472329999073,1,False
465,000000052413.jpg,0.7483284770000864,4,False
467,000000052507.jpg,0.7252158679998502,2,False
468,000000052565.jpg,0.763394174000041,1,False
470,000000052891.jpg,0.7437366009999096,2,False
471,000000052996.jpg,0.7309140130000742,9,False
472,000000053505.jpg,0.7411648319998676,5,False
473,000000053529.jpg,0.7257659100000637,3,False
474,000000053624.jpg,0.7401605159998326,5,False
475,000000053626.jpg,0.7251675799998338,6,False
476,000000053909.jpg,0.7437435000001642,1,False
478,000000054123.jpg,0.7256534060002195,4,False
479,000000054164.jpg,0.7785017619999053,2,False
481,000000054593.jpg,0.7456552600001487,8,False
482,000000054605.jpg,0.7269135400001687,10,False
483,000000054628.jpg,0.7388698149998163,5,False
484,000000054654.jpg,0.724845612000081,1,False
485,000000054931.jpg,0.739235262999955,2,False
486,000000054967.jpg,0.7256662019999567,13,False
488,000000055022.jpg,0.7407571779999671,3,False
490,000000055150.jpg,0.7398113379999813,10,False
491,000000055167.jpg,0.7306342809997659,6,False
492,000000055299.jpg,0.7412335280000661,1,False
493,000000055528.jpg,0.7303612099999555,3,False
494,000000055950.jpg,0.7372304679997796,3,False
495,000000056127.jpg,0.7276064739999129,2,False
496,000000056288.jpg,0.7408245819997319,3,False
497,000000056344.jpg,0.7295395480000479,5,False
498,000000056350.jpg,0.7449229279995961,3,False
499,000000056545.jpg,0.7299835489998259,1,False
501,000000057149.jpg,0.7335770699996829,3,False
502,000000057150.jpg,0.7237381899999491,7,False
504,000000057238.jpg,0.7228176759999769,3,False
505,000000057244.jpg,0.7454385609999008,1,False
506,000000057597.jpg,0.7261280359998636,7,False
507,000000057672.jpg,0.7504331360000833,12,False
508,000000057725.jpg,0.7318294460001198,2,False
509,000000057760.jpg,0.7495116430000053,6,False
511,000000058111.jpg,0.7560408730000745,1,False
513,000000058384.jpg,0.7229123170000094,3,False
514,000000058393.jpg,0.7340261720000854,1,False
516,000000058636.jpg,0.7211605449997478,0,False
518,000000058705.jpg,0.7240681449998192,4,False
520,000000059386.jpg,0.7186812579998332,6,False
522,000000059635.jpg,0.7426577390001512,21,False
523,000000059920.jpg,0.7240345830000479,2,False
524,000000060052.jpg,0.7457739910000782,2,False
525,000000060090.jpg,0.7229625599998144,2,False
526,000000060102.jpg,0.7822213350000311,3,False
528,000000060363.jpg,0.7302864449998197,1,False
530,000000060507.jpg,0.7250148799998897,7,False
532,000000060823.jpg,0.7298705399998653,15,False
533,000000060835.jpg,0.7381341579998661,1,False
535,000000060886.jpg,0.7214066629999252,11,False
537,000000060932.jpg,0.7331131880000612,8,False
538,000000061108.jpg,0.742997232000107,4,False
539,000000061171.jpg,0.7294466469998042,5,False
540,000000061268.jpg,0.7452367760001835,2,False
541,000000061333.jpg,0.7247723000000406,3,False
543,000000061471.jpg,0.7431264300003022,3,False
545,000000061658.jpg,0.7426547059999393,4,False
546,000000061747.jpg,0.7249197370001639,2,False
548,000000062025.jpg,0.7490858469996056,5,False
550,000000062355.jpg,0.7308712139997624,6,False
551,000000062554.jpg,0.7272880969999278,2,False
552,000000062692.jpg,0.7417686439998761,1,False
553,000000062808.jpg,0.7302173889997903,7,False
554,000000063047.jpg,0.7424288839997644,5,False
555,000000063154.jpg,0.7226854400000775,2,False
556,000000063552.jpg,0.7432379880001463,1,False
557,000000063602.jpg,0.7312464229999023,2,False
558,000000063740.jpg,0.7413734520000617,9,False
559,000000063965.jpg,0.7261094370001047,4,False
560,000000064084.jpg,0.7454205049998563,8,False
561,000000064359.jpg,0.7263751590003267,7,False
562,000000064462.jpg,0.7515879949996815,2,False
564,000000064499.jpg,0.728333166000084,1,False
565,000000064523.jpg,0.7290990899996359,13,False
566,000000064574.jpg,0.722240982999665,0,False
568,000000064868.jpg,0.7182422129999395,3,False
569,000000064898.jpg,0.7417734840000776,4,False
570,000000065074.jpg,0.719353606000368,1,False
572,000000065350.jpg,0.7398838940002861,4,False
574,000000065485.jpg,0.7383237359999839,2,False
575,000000065736.jpg,0.7297132250000686,3,False
576,000000065798.jpg,0.7425198440000713,4,False
578,000000066135.jpg,0.7168510670003343,1,False
580,000000066523.jpg,0.7188386860002538,1,False
582,000000066635.jpg,0.7260426500001813,3,False
584,000000066771.jpg,0.7438911509998434,9,False
585,000000066817.jpg,0.7441602690000764,2,False
586,000000066841.jpg,0.743595606999861,3,False
588,000000066926.jpg,0.7451930240004003,10,False
590,000000067213.jpg,0.7225072390001515,9,False
591,000000067310.jpg,0.7349960010001269,5,False
593,000000067406.jpg,0.7420534739999312,4,False
595,000000067616.jpg,0.722827210000105,12,False
596,000000067896.jpg,0.7397533779999321,1,False
597,000000068078.jpg,0.7324229500000001,4,False
598,000000068093.jpg,0.7311753500002851,5,False
599,000000068286.jpg,0.7243126950002079,1,False
600,000000068387.jpg,0.7427124370001366,5,False
601,000000068409.jpg,0.7293242380001175,8,False
603,000000068765.jpg,0.7298243709997223,3,False
604,000000068833.jpg,0.7425122669997108,5,False
605,000000068933.jpg,0.7269986510000308,3,False
606,000000069106.jpg,0.7423534909999034,3,False
607,000000069138.jpg,0.728363839999929,2,False
608,000000069213.jpg,0.7451741999998376,6,False
610,000000069356.jpg,0.7235129189998588,5,False
612,000000070048.jpg,0.7275184069999341,5,False
614,000000070229.jpg,0.7325772550002512,1,False
616,000000070739.jpg,0.7430604210003366,3,False
617,000000070774.jpg,0.7228940229997534,1,False
618,000000071226.jpg,0.7369254989998808,5,False
620,000000071711.jpg,0.7243138129997533,7,False
621,000000071756.jpg,0.7305723919998854,1,False
622,000000071877.jpg,0.7244228860004114,2,False
623,000000071938.jpg,0.7383814569998322,2,False
624,000000072281.jpg,0.723860636000154,2,False
626,000000072813.jpg,0.7248900119998325,2,False
628,000000073118.jpg,0.7297925610000675,1,False
629,000000073153.jpg,0.7248618710000301,1,False
630,000000073326.jpg,0.7318509809997522,7,False
632,000000073702.jpg,0.7417346359998191,4,False
633,000000073946.jpg,0.7287480830000277,3,False
634,000000074058.jpg,0.7433074109999325,8,False
635,000000074092.jpg,0.7264322979999633,6,False
636,000000074200.jpg,0.7468692960001135,5,False
637,000000074209.jpg,0.7272448789999544,4,False
638,000000074256.jpg,0.7457602519998545,5,False
639,000000074457.jpg,0.7233862060002139,2,False
640,000000074646.jpg,0.7470612390002316,3,False
641,000000074733.jpg,0.7325961470000948,13,False
642,000000074860.jpg,0.748719347000133,2,False
643,000000075393.jpg,0.7258449169999039,0,False
644,000000075456.jpg,0.7709512810001797,1,False
645,000000075612.jpg,0.7269831230000818,14,False
646,000000076211.jpg,0.7342998019998959,1,False
647,000000076261.jpg,0.7205119260001993,2,False
648,000000076416.jpg,0.7207713379998495,3,False
649,000000076417.jpg,0.7209477139999763,4,False
650,000000076468.jpg,0.7245986230000199,5,False
652,000000076625.jpg,0.7197810500001651,6,False
654,000000077396.jpg,0.7587850400000207,6,False
655,000000077460.jpg,0.7270001689998935,6,False
657,000000078032.jpg,0.7208707370000411,2,False
658,000000078170.jpg,0.7415274650002175,5,False
659,000000078266.jpg,0.7220522590000655,2,False
660,000000078404.jpg,0.7401867559997299,2,False
661,000000078420.jpg,0.7305750089999492,3,False
662,000000078426.jpg,0.7406361599996671,2,False
663,000000078565.jpg,0.7299298859998089,9,False
664,000000078748.jpg,0.7433328289998826,18,False
665,000000078823.jpg,0.724509023000337,4,False
666,000000078843.jpg,0.7401392189999569,2,False
667,000000078915.jpg,0.7253071969998928,17,False
669,000000079014.jpg,0.7401405349996821,1,False
670,000000079031.jpg,0.7243225070001245,2,False
671,000000079034.jpg,0.7368070560000888,1,False
672,000000079144.jpg,0.7257853950000026,2,False
673,000000079188.jpg,0.7418815119999635,2,False
674,000000079229.jpg,0.7271020839998528,3,False
675,000000079408.jpg,0.7504671370002143,1,False
676,000000079565.jpg,0.721808418999899,2,False
678,000000079651.jpg,0.725469238000187,5,False
680,000000079969.jpg,0.7307546890001504,2,False
681,000000080022.jpg,0.7230745260003459,3,False
682,000000080057.jpg,0.7287569489999441,1,False
684,000000080273.jpg,0.7373568419998264,2,False
686,000000080340.jpg,0.7470824110000649,12,False
688,000000080659.jpg,0.7235436070000105,6,False
690,000000080671.jpg,0.7224046420001287,1,False
692,000000080949.jpg,0.7379534579999927,2,False
694,000000081394.jpg,0.7446176329999616,2,False
696,000000081738.jpg,0.7319932949999384,2,False
697,000000081766.jpg,0.741476774000148,3,False
698,000000081988.jpg,0.725155678000192,6,False
700,000000082180.jpg,0.7197398870002871,3,False
701,000000082688.jpg,0.7399379409998801,4,False
702,000000082696.jpg,0.7193695739997565,6,False
704,000000082765.jpg,0.7384626509997361,2,False
706,000000082812.jpg,0.7525631919997977,12,False
708,000000082846.jpg,0.722907911999755,2,False
709,000000082986.jpg,0.7274599279999165,4,False
711,000000083172.jpg,0.7341791540002305,4,False
712,000000083531.jpg,0.7346021189996463,5,False
713,000000083540.jpg,0.7491483300000255,1,False
715,000000084170.jpg,0.7345516660002431,4,False
717,000000084270.jpg,0.7254377939998449,16,False
718,000000084362.jpg,0.7448806590000459,4,False
720,000000084477.jpg,0.7332011670000611,3,False
721,000000084492.jpg,0.7228591669995694,5,False
723,000000084664.jpg,0.7485872219999692,2,False
724,000000084674.jpg,0.7305087039999307,4,False
725,000000084752.jpg,0.748221389000264,6,False
726,000000085089.jpg,0.7314706729998761,4,False
727,000000085157.jpg,0.7442731999999523,14,False
729,000000085329.jpg,0.740522048999992,2,False
730,000000085376.jpg,0.729382445000283,9,False
731,000000085478.jpg,0.7381433840000682,2,False
732,000000085576.jpg,0.7616100299997015,1,False
733,000000085665.jpg,0.7411846260001766,2,False
734,000000085682.jpg,0.7252705689998038,12,False
735,000000085772.jpg,0.7434494519998225,4,False
736,000000085823.jpg,0.7277984639999886,3,False
738,000000086220.jpg,0.7463456849995964,3,False
740,000000086582.jpg,0.7445745529998931,4,False
741,000000086755.jpg,0.7269262849999905,2,False
742,000000086956.jpg,0.7423056430002362,4,False
744,000000087144.jpg,0.727912200999981,5,False
746,000000087470.jpg,0.7250217419996261,11,False
747,000000087476.jpg,0.7461756779998723,10,False
748,000000087742.jpg,0.7288971620000666,3,False
749,000000087875.jpg,0.7506279989997893,1,False
751,000000088218.jpg,0.7255119910000758,2,False
753,000000088265.jpg,0.7250185809998584,1,False
754,000000088269.jpg,0.7401912219997939,4,False
756,000000088432.jpg,0.7243986019998374,5,False
758,000000088485.jpg,0.7271307719997822,2,False
759,000000088848.jpg,0.7426047479998488,7,False
760,000000088951.jpg,0.7232629860000088,3,False
761,000000088970.jpg,0.7369897730000048,3,False
762,000000089045.jpg,0.7263375080001424,3,False
763,000000089078.jpg,0.737342579000142,1,False
764,000000089271.jpg,0.7195159510001758,1,False
765,000000089296.jpg,0.7356186049996722,4,False
766,000000089556.jpg,0.7221087739999348,10,False
768,000000089670.jpg,0.7350726089998716,1,False
770,000000089761.jpg,0.7417399280002428,1,False
771,000000089880.jpg,0.7230627670001013,2,False
773,000000090062.jpg,0.7259923980000167,1,False
775,000000090155.jpg,0.7739159620000464,1,False
777,000000090284.jpg,0.7412582030001431,2,False
779,000000090891.jpg,0.7258799179999187,6,False
781,000000091406.jpg,0.7254990569999791,12,False
783,000000091500.jpg,0.7353230160001658,8,False
785,000000091619.jpg,0.7400595540002541,1,False
787,000000091779.jpg,0.7428088320002644,5,False
789,000000092053.jpg,0.7399966559996756,7,False
790,000000092091.jpg,0.7443539589999091,7,False
791,000000092124.jpg,0.7234751789997063,3,False
793,000000092416.jpg,0.7280019770000763,6,False
795,000000092839.jpg,0.7313364880001245,1,False
797,000000093154.jpg,0.7424326210002619,7,False
799,000000093353.jpg,0.7166929670001991,2,False
801,000000093717.jpg,0.722918490000211,12,False
803,000000094157.jpg,0.7206408239999291,8,False
804,000000094185.jpg,0.7336758720002763,3,False
806,000000094336.jpg,0.7242191529999218,2,False
808,000000094751.jpg,0.7247288710000248,4,False
809,000000094852.jpg,0.7453328400001737,2,False
811,000000094944.jpg,0.725736255999891,5,False
813,000000095155.jpg,0.7261364380001396,8,False
815,000000095786.jpg,0.7400075129999095,3,False
816,000000095843.jpg,0.7271440810000058,1,False
817,000000095862.jpg,0.7372003400000722,11,False
819,000000096001.jpg,0.7394532469998012,3,False
820,000000096427.jpg,0.7208291189999727,4,False
821,000000096493.jpg,0.7387505769997915,2,False
822,000000096549.jpg,0.7575322130001041,1,False
823,000000096825.jpg,0.7396459500000674,1,False
824,000000096960.jpg,0.7210335059999124,1,False
825,000000097022.jpg,0.7374508269999751,5,False
826,000000097230.jpg,0.7215203630003089,2,False
827,000000097278.jpg,0.748483658999703,2,False
828,000000097337.jpg,0.7199945689999367,4,False
829,000000097585.jpg,0.7343342959998154,5,False
830,000000097679.jpg,0.7258929209997405,3,False
831,000000097924.jpg,0.7236244809996606,5,False
832,000000097988.jpg,0.7223652530001345,13,False
833,000000097994.jpg,0.7223291830000562,8,False
835,000000098261.jpg,0.7190523739996024,2,False
837,000000098392.jpg,0.723928406000141,6,False
839,000000098520.jpg,0.7525789270002861,2,False
841,000000098716.jpg,0.7446967229998336,5,False
843,000000098853.jpg,0.7221864630000709,8,False
845,000000099039.jpg,0.7218260720001126,7,False
846,000000099053.jpg,0.7404835479997018,4,False
848,000000099114.jpg,0.7488676299999497,12,False
849,000000099182.jpg,0.7421966469996732,1,False
851,000000099428.jpg,0.741432555999836,1,False
852,000000099810.jpg,0.7200628090004102,7,False
853,000000100238.jpg,0.7368866150000031,8,False
854,000000100274.jpg,0.7214805839998917,2,False
856,000000100428.jpg,0.7340807829996265,2,False
858,000000100510.jpg,0.7411189660001583,4,False
860,000000100624.jpg,0.7406366670002171,5,False
861,000000100723.jpg,0.7270986949997678,12,False
862,000000101022.jpg,0.7243912740000269,0,False
864,000000101420.jpg,0.7442262740000842,2,False
866,000000101780.jpg,0.7286325629997918,4,False
867,000000101787.jpg,0.7489464959999168,1,False
869,000000102331.jpg,0.7223926970000321,2,False
871,000000102411.jpg,0.7275894100002915,10,False
873,000000102707.jpg,0.7428298320000977,0,False
874,000000102805.jpg,0.7382821639998838,6,False
876,000000103548.jpg,0.723834368000098,3,False
878,000000103723.jpg,0.7193505380000715,5,False
880,000000104198.jpg,0.7385433220001687,1,False
881,000000104424.jpg,0.721448275000057,2,False
882,000000104455.jpg,0.7388693080001758,1,False
883,000000104572.jpg,0.7279090530000758,3,False
885,000000104612.jpg,0.7640150209999774,1,False
887,000000104666.jpg,0.7541356340002494,1,False
889,000000104782.jpg,0.7384595640000953,1,False
890,000000104803.jpg,0.7199360439999509,1,False
891,000000105014.jpg,0.733611713999835,4,False
892,000000105249.jpg,0.7223919410002964,1,False
893,000000105264.jpg,0.7462737289997676,8,False
894,000000105335.jpg,0.7308189290001792,4,False
895,000000105455.jpg,0.735453048999716,3,False
897,000000105923.jpg,0.7247060350000538,2,False
899,000000106235.jpg,0.7223045959999581,5,False
901,000000106281.jpg,0.755351496000003,2,False
903,000000106389.jpg,0.7347640090001732,2,False
904,000000106563.jpg,0.7220731329998671,1,False
906,000000106881.jpg,0.7266955909999524,1,False
907,000000106912.jpg,0.7310103069999059,2,False
908,000000107087.jpg,0.7301646300002176,1,False
910,000000107226.jpg,0.7359770980001485,11,False
911,000000107339.jpg,0.7198147620001691,3,False
913,000000107851.jpg,0.7255451380001432,5,False
914,000000108026.jpg,0.7285503990001416,2,False
915,000000108244.jpg,0.7419744079998054,1,False
916,000000108253.jpg,0.7305500039997241,5,False
917,000000108440.jpg,0.7421296550000989,1,False
918,000000108495.jpg,0.7250853589998769,2,False
919,000000108503.jpg,0.7443925719999243,4,False
920,000000108864.jpg,0.7255325120004272,2,False
921,000000109055.jpg,0.7399445340001876,2,False
922,000000109118.jpg,0.7342400170000474,3,False
923,000000109313.jpg,0.7467438839998977,5,False
924,000000109441.jpg,0.7294520909999846,5,False
925,000000109798.jpg,0.7450573099999929,4,False
926,000000109827.jpg,0.7281030869999086,1,False
927,000000109900.jpg,0.7513506450000023,10,False
928,000000109916.jpg,0.7301585250002063,2,False
929,000000109976.jpg,0.7455045229999087,2,False
930,000000109992.jpg,0.7350065929999801,2,False
932,000000110211.jpg,0.7150806679997004,5,False
933,000000110282.jpg,0.7186052050001308,1,False
934,000000110359.jpg,0.7309060929997031,1,False
935,000000110449.jpg,0.7245282100002441,3,False
937,000000110721.jpg,0.7249217670000689,1,False
939,000000110884.jpg,0.7302915529999154,2,False
941,000000110999.jpg,0.7412767480000184,7,False
942,000000111036.jpg,0.7203491209997992,2,False
943,000000111086.jpg,0.7665246520000437,5,False
944,000000111179.jpg,0.7273375109998597,2,False
946,000000111609.jpg,0.72015742900021,3,False
948,000000112110.jpg,0.7308233660000951,2,False
950,000000112378.jpg,0.7417769130001943,5,False
952,000000112634.jpg,0.7275307449999673,2,False
954,000000112997.jpg,0.7240176389996122,1,False
956,000000113235.jpg,0.7196046310000384,2,False
957,000000113354.jpg,0.7256062260003091,3,False
958,000000113403.jpg,0.739046333999795,1,False
959,000000113589.jpg,0.7269612239997514,3,False
961,000000113867.jpg,0.7229208429998835,1,False
963,000000114770.jpg,0.7258765490000769,3,False
964,000000114871.jpg,0.7215274120003414,1,False
965,000000114884.jpg,0.7562616509999316,17,False
967,000000115118.jpg,0.7479934799998773,1,False
968,000000115245.jpg,0.7272785319996729,9,False
969,000000115870.jpg,0.737983916000303,9,False
970,000000115885.jpg,0.7242225370000597,2,False
971,000000115898.jpg,0.7395640220001951,2,False
972,000000115946.jpg,0.7262575839999954,8,False
973,000000116068.jpg,0.7393084559998897,4,False
975,000000116208.jpg,0.7690329479996763,14,False
976,000000116362.jpg,0.7265143859999625,2,False
978,000000116479.jpg,0.7332959399996071,1,False
980,000000116825.jpg,0.7402038079999329,1,False
981,000000117197.jpg,0.7283886019999954,1,False
982,000000117374.jpg,0.7434053870001662,3,False
984,000000117492.jpg,0.7288692130000527,13,False
986,000000117645.jpg,0.7202960780000467,1,False
988,000000117744.jpg,0.7326318780001202,2,False
989,000000117908.jpg,0.721095742000216,4,False
990,000000117914.jpg,0.737976462000006,2,False
992,000000118367.jpg,0.7404220779999378,2,False
994,000000118515.jpg,0.7249478150001778,2,False
995,000000118594.jpg,0.7475559469999098,2,False
996,000000118921.jpg,0.7331410489996415,2,False
998,000000119088.jpg,0.7229478849999396,3,False
999,000000119233.jpg,0.7420277060000444,4,False
1001,000000119445.jpg,0.7260870539998905,6,False
1003,000000119516.jpg,0.7219161130001339,2,False
1004,000000119641.jpg,0.7424753509999391,15,False
1005,000000119677.jpg,0.7270082929999262,3,False
1006,000000119828.jpg,0.7791727430003448,4,False
1008,000000119995.jpg,0.737632289999965,5,False
1009,000000120420.jpg,0.7238892390000728,8,False
1010,000000120572.jpg,0.7267900770002598,0,False
1011,000000120584.jpg,0.729308805999608,1,False
1012,000000120777.jpg,0.7199528779997308,5,False
1013,000000120853.jpg,0.7406813390002753,6,False
1014,000000121031.jpg,0.7303954369999701,6,False
1015,000000121153.jpg,0.8247049330002483,0,False
1017,000000121417.jpg,0.7456429079998088,7,False
1018,000000121497.jpg,0.7199973659999159,4,False
1019,000000121506.jpg,0.7470903120001822,3,False
1020,000000121586.jpg,0.7273331830001553,2,False
1022,000000121673.jpg,0.7241497909999453,2,False
1024,000000122046.jpg,0.7482470820000344,2,False
1025,000000122166.jpg,0.7304202380000788,9,False
1027,000000122606.jpg,0.7256921879998117,1,False
1029,000000122745.jpg,0.7446959330000027,1,False
1030,000000122927.jpg,0.7218200960001013,2,False
1031,000000122962.jpg,0.7433884639999633,23,False
1032,000000122969.jpg,0.724340420000317,1,False
1033,000000123131.jpg,0.7455024179998873,2,False
1035,000000123321.jpg,0.746551744000044,5,False
1036,000000123480.jpg,0.731000867000148,2,False
1038,000000123633.jpg,0.7410916240000915,9,False
1039,000000124277.jpg,0.7272008310001183,1,False
1040,000000124442.jpg,0.7395210629997564,1,False
1041,000000124636.jpg,0.7308374449999064,2,False
1042,000000124659.jpg,0.7432768799999394,5,False
1043,000000124798.jpg,0.7288926070000343,10,False
1045,000000125062.jpg,0.7219987700000274,8,False
1047,000000125129.jpg,0.7399195240000154,8,False
1048,000000125211.jpg,0.7268282239997461,1,False
1049,000000125245.jpg,0.7365301380000346,1,False
1050,000000125257.jpg,0.7238829660000192,2,False
1051,000000125405.jpg,0.7387598889999936,3,False
1052,000000125472.jpg,0.7255307209998136,2,False
1054,000000125778.jpg,0.7289916429999721,4,False
1056,000000125850.jpg,0.7438857639999696,1,False
1057,000000125936.jpg,0.7280852009998853,8,False
1058,000000125952.jpg,0.742231461999836,2,False
1059,000000126107.jpg,0.7314955199999531,6,False
1060,000000126110.jpg,0.7332060499998079,1,False
1061,000000126137.jpg,0.7281755240001075,3,False
1062,000000126216.jpg,0.742403116999867,2,False
1063,000000126226.jpg,0.7261161860001266,3,False
1065,000000127092.jpg,0.7638718719999815,6,False
1067,000000127182.jpg,0.7398491059998378,3,False
1068,000000127263.jpg,0.7232121949996326,3,False
1069,000000127270.jpg,0.7416274510001131,5,False
1071,000000127476.jpg,0.743319290999807,1,False
1072,000000127494.jpg,0.7186545690001367,1,False
1074,000000127530.jpg,0.7302111710000645,3,False
1076,000000127660.jpg,0.738371234999704,2,False
1078,000000127987.jpg,0.7169340799996462,2,False
1080,000000128112.jpg,0.7203782800002045,1,False
1082,000000128372.jpg,0.7267806309996558,9,False
1083,000000128476.jpg,0.7239908500000638,5,False
1084,000000128598.jpg,0.7281790709998859,8,False
1085,000000128654.jpg,0.7261611200001425,2,False
1087,000000128675.jpg,0.7339384269998845,4,False
1089,000000128748.jpg,0.7230015129998719,4,False
1090,000000129054.jpg,0.7289429659999769,12,False
1092,000000129113.jpg,0.7226251229999434,0,False
1093,000000129135.jpg,0.7388390430000982,2,False
1094,000000129322.jpg,0.7257913130001725,1,False
1095,000000129416.jpg,0.7356475609999507,8,False
1096,000000129492.jpg,0.7549484489995848,5,False
1098,000000129812.jpg,0.7218984969999838,2,False
1100,000000130386.jpg,0.7385202220002611,5,False
1101,000000130465.jpg,0.7235409459999573,2,False
1102,000000130566.jpg,0.7469136839999919,1,False
1103,000000130579.jpg,0.7261392330001399,2,False
1104,000000130586.jpg,0.7436845550000726,2,False
1105,000000130599.jpg,0.7298168839997743,2,False
1106,000000130613.jpg,0.7385741019998022,2,False
1107,000000130699.jpg,0.7536535099998218,7,False
1108,000000130826.jpg,0.7432751370001824,7,False
1109,000000131131.jpg,0.7323138789997756,2,False
1111,000000131273.jpg,0.726928603000033,1,False
1112,000000131379.jpg,0.728757613000198,1,False
1114,000000131431.jpg,0.7245007199999236,1,False
1116,000000131556.jpg,0.7257130219995815,3,False
1118,000000132116.jpg,0.7427695239998684,6,False
1120,000000132375.jpg,0.7411983209999562,4,False
1122,000000132544.jpg,0.7297536659998514,8,False
1123,000000132587.jpg,0.7361584520003817,4,False
1124,000000132622.jpg,0.7311831259999053,1,False
1125,000000132703.jpg,0.7398634920000404,2,False
1127,000000132931.jpg,0.7455536980000943,3,False
1128,000000133000.jpg,0.7280631540002105,1,False
1129,000000133087.jpg,0.7446981870002674,3,False
1131,000000133244.jpg,0.7294474939999418,15,False
1132,000000133343.jpg,0.7442396830001599,2,False
1134,000000133567.jpg,0.7454477439996481,2,False
1136,000000133645.jpg,0.7232232140004271,3,False
1138,000000133819.jpg,0.7284746430000268,10,False
1139,000000133969.jpg,0.7478913480003939,14,False
1140,000000134034.jpg,0.7306218019998596,2,False
1141,000000134096.jpg,0.743463371999951,3,False
1142,000000134112.jpg,0.7282100570000694,2,False
1143,000000134322.jpg,0.7434697640001104,7,False
1144,000000134689.jpg,0.7259132929998486,1,False
1145,000000134722.jpg,0.7351806579999902,1,False
1146,000000134856.jpg,0.7215062430000216,2,False
1148,000000134886.jpg,0.7292335309998634,4,False
1149,000000135410.jpg,0.7235279110000192,6,False
1150,000000135561.jpg,0.761379362000298,4,False
1151,000000135604.jpg,0.7213778499999535,2,False
1152,000000135670.jpg,0.7347075289999339,1,False
1153,000000135673.jpg,0.7267553459996634,2,False
1154,000000135872.jpg,0.7386127909999232,7,False
1155,000000135890.jpg,0.7265852939999604,4,False
1156,000000135902.jpg,0.7306735900001513,3,False
1157,000000136033.jpg,0.7258870769996975,1,False
1158,000000136334.jpg,0.7413803200001894,3,False
1159,000000136355.jpg,0.7222700780002924,9,False
1160,000000136466.jpg,0.7333530820001215,1,False
1161,000000136600.jpg,0.7210990120001952,3,False
1162,000000136633.jpg,0.740444959999877,3,False
1163,000000136715.jpg,0.7212650699998449,9,False
1164,000000136772.jpg,0.7374895319999268,4,False
1165,000000136915.jpg,0.723830413000087,3,False
1166,000000137106.jpg,0.7399384300001657,1,False
1167,000000137246.jpg,0.7214771490002931,6,False
1168,000000137294.jpg,0.7405736880000404,2,False
1169,000000137576.jpg,0.7202804900002775,5,False
1170,000000137727.jpg,0.7267128680000496,7,False
1171,000000137950.jpg,0.7196067739996579,1,False
1172,000000138115.jpg,0.7585573119999935,2,False
1174,000000138492.jpg,0.7267602330002774,2,False
1176,000000138639.jpg,0.7213789520001228,9,False
1178,000000138856.jpg,0.739085138000064,2,False
1180,000000138979.jpg,0.7347934829999758,6,False
1182,000000139099.jpg,0.7279564309997113,12,False
1183,000000139260.jpg,0.7290661679999175,2,False
1184,000000139684.jpg,0.7320834520000972,6,False
1185,000000139871.jpg,0.7409305599999243,1,False
1186,000000139872.jpg,0.7242464910000308,3,False
1187,000000139883.jpg,0.7403832319996582,0,False
1188,000000140076.jpg,0.7378753370003324,11,False
1190,000000140270.jpg,0.7221660479999628,2,False
1192,000000140420.jpg,0.7266312789997755,1,False
1193,000000140439.jpg,0.7275137389997326,3,False
1195,000000140583.jpg,0.7211566470000434,12,False
1197,000000140658.jpg,0.722329520999665,1,False
1198,000000140840.jpg,0.7210461389995544,8,False
1200,000000140987.jpg,0.7265214379999634,11,False
1201,000000141328.jpg,0.7441733210002894,8,False
1202,000000141597.jpg,0.7225434400002086,3,False
1203,000000141671.jpg,0.7605368229997111,5,False
1204,000000141821.jpg,0.7239420830001109,5,False
1205,000000142092.jpg,0.7407977670000037,2,False
1207,000000142324.jpg,0.7225967290000881,10,False
1209,000000142585.jpg,0.726179423999838,6,False
1211,000000142790.jpg,0.7212892520001333,2,False
1213,000000143068.jpg,0.7344670160000533,5,False
1215,000000143572.jpg,0.7423006180001721,7,False
1217,000000143961.jpg,0.7223073459999796,10,False
1219,000000144003.jpg,0.7285023260001253,7,False
1220,000000144114.jpg,0.7399221089999628,2,False
1221,000000144300.jpg,0.7249331780003558,5,False
1222,000000144333.jpg,0.740556738000123,5,False
1223,000000144706.jpg,0.7207955690000745,4,False
1224,000000144784.jpg,0.743045025000356,1,False
1225,000000144798.jpg,0.7215712520001034,1,False
1226,000000144932.jpg,0.7394449880002867,1,False
1227,000000144984.jpg,0.7240189099993586,3,False
1229,000000145591.jpg,0.7345923520006181,1,False
1230,000000145597.jpg,0.728131456000483,5,False
1231,000000145620.jpg,0.7462816719998955,3,False
1233,000000145781.jpg,0.7466997530000299,4,False
1234,000000146155.jpg,0.7244884630008528,8,False
1235,000000146358.jpg,0.7394221200001994,5,False
1237,000000146457.jpg,0.7307552780002879,10,False
1239,000000146498.jpg,0.7221860760000709,1,False
1240,000000146667.jpg,0.7361327050002728,12,False
1241,000000146825.jpg,0.7220706369998879,5,False
1242,000000146831.jpg,0.7404921439992904,4,False
1244,000000147223.jpg,0.7198483450001731,4,False
1246,000000147415.jpg,0.7225728120001804,4,False
1247,000000147498.jpg,0.7410507450003934,0,False
1248,000000147518.jpg,0.7226748540006156,2,False
1249,000000147725.jpg,0.7396292800003721,6,False
1250,000000147729.jpg,0.7225982669997393,7,False
1251,000000147740.jpg,0.7444786030000614,8,False
1253,000000148508.jpg,0.7251564050002344,7,False
1254,000000148620.jpg,0.7337482390003061,5,False
1255,000000148662.jpg,0.7276982829998815,2,False
1256,000000148707.jpg,0.7382470289994671,1,False
1257,000000148719.jpg,0.7461608870007694,5,False
1259,000000148739.jpg,0.718609741000364,2,False
1261,000000148957.jpg,0.7308349770000859,7,False
1262,000000148999.jpg,0.7242567640005291,2,False
1263,000000149222.jpg,0.7327144890005002,5,False
1264,000000149375.jpg,0.7282390399996075,5,False
1265,000000149406.jpg,0.7353877909999937,1,False
1266,000000149568.jpg,0.7219196599999123,3,False
1267,000000149622.jpg,0.767987859000641,1,False
1268,000000149770.jpg,0.7155741159995159,1,False
1270,000000150265.jpg,0.7323729520003326,5,False
1272,000000150638.jpg,0.7388738559993726,11,False
1273,000000150649.jpg,0.7245652489991699,5,False
1274,000000150726.jpg,0.7368611710007826,2,False
1275,000000150930.jpg,0.7226733039997271,1,False
1276,000000151000.jpg,0.7368735279997054,4,False
1278,000000151480.jpg,0.7444257039996955,8,False
1279,000000151516.jpg,0.7286994940004661,0,False
1281,000000151657.jpg,0.7369324789997336,3,False
1283,000000151820.jpg,0.7365714460001982,15,False
1285,000000151938.jpg,0.7238927520002107,5,False
1287,000000152120.jpg,0.7255881309993129,2,False
1289,000000152465.jpg,0.7590417139999772,1,False
1290,000000152686.jpg,0.7383819039996524,4,False
1291,000000152740.jpg,0.7249984919999406,14,False
1292,000000152771.jpg,0.7416190190006091,3,False
1294,000000153011.jpg,0.7247042380004132,11,False
1295,000000153217.jpg,0.7383859679994202,2,False
1296,000000153229.jpg,0.727412614000059,8,False
1297,000000153299.jpg,0.7452003379994494,2,False
1299,000000153510.jpg,0.7388551929998357,1,False
1300,000000153527.jpg,0.7466320530002122,3,False
1301,000000153529.jpg,0.7445959030001177,9,False
1302,000000153568.jpg,0.7229758749999746,1,False
1303,000000153632.jpg,0.7467324119998011,3,False
1304,000000153669.jpg,0.7248137560000032,17,False
1305,000000153782.jpg,0.7239423580003859,1,False
1306,000000153797.jpg,0.7243768200005434,3,False
1308,000000154004.jpg,0.7452176709994092,10,False
1310,000000154213.jpg,0.7838430589999916,2,False
1312,000000154358.jpg,0.7260394380000434,6,False
1314,000000154431.jpg,0.7262737319997541,5,False
1316,000000154705.jpg,0.740713827000036,5,False
1317,000000154718.jpg,0.7252598689992737,1,False
1318,000000154947.jpg,0.7432038350007133,1,False
1320,000000155145.jpg,0.7414706789995762,5,False
1321,000000155154.jpg,0.7418224009998085,1,False
1322,000000155179.jpg,0.7471334070005469,1,False
1323,000000155291.jpg,0.7310627110000496,1,False
1324,000000155341.jpg,0.7471122639999521,7,False
1326,000000155451.jpg,0.745341718000418,0,False
1328,000000156071.jpg,0.7311530070001027,7,False
1330,000000156278.jpg,0.7281624110000848,7,False
1331,000000156292.jpg,0.7454513279999446,9,False
1332,000000156372.jpg,0.727613418999681,3,False
1334,000000156924.jpg,0.7473973349997323,4,False
1336,000000157098.jpg,0.7432407649994275,3,False
1338,000000157138.jpg,0.7224055179995048,2,False
1340,000000157365.jpg,0.7274724299995796,7,False
1342,000000157418.jpg,0.7321093430000474,4,False
1344,000000157756.jpg,0.7372126249993016,7,False
1345,000000157767.jpg,0.7239854099998411,15,False
1347,000000157847.jpg,0.7182604400004493,1,False
1349,000000158227.jpg,0.7383907250004995,2,False
1351,000000158660.jpg,0.7361498639993442,8,False
1353,000000158945.jpg,0.7250995740005237,4,False
1354,000000158956.jpg,0.7360441970004103,2,False
1355,000000159112.jpg,0.733410769999864,3,False
1356,000000159282.jpg,0.7335832149992711,1,False
1357,000000159311.jpg,0.7252726169999733,1,False
1358,000000159399.jpg,0.7413687110001774,7,False
1360,000000159684.jpg,0.7341488040001423,2,False
1361,000000159791.jpg,0.728606504999334,5,False
1362,000000159977.jpg,0.7328806120003719,2,False
1363,000000160012.jpg,0.7542005269997389,6,False
1364,000000160556.jpg,0.7438723109999046,5,False
1366,000000160728.jpg,0.7213613260000784,10,False
1367,000000160772.jpg,0.7454361150003024,1,False
1368,000000160864.jpg,0.726418319000004,9,False
1370,000000161032.jpg,0.7235683130002144,2,False
1371,000000161044.jpg,0.7402502739996635,2,False
1372,000000161128.jpg,0.7281192159998682,4,False
1374,000000161609.jpg,0.740597639999578,4,False
1376,000000161781.jpg,0.7449402780002856,2,False
1377,000000161799.jpg,0.7272635270001047,2,False
1378,000000161820.jpg,0.7487709260003612,1,False
1379,000000161861.jpg,0.7312191569999413,2,False
1381,000000161879.jpg,0.7419973870000831,1,False
1383,000000161978.jpg,0.7447406080000292,25,False
1385,000000162092.jpg,0.7292937450001773,10,False
1386,000000162130.jpg,0.7332415580003726,1,False
1387,000000162366.jpg,0.7270340770000985,1,False
1388,000000162415.jpg,0.7356995849995656,2,False
1389,000000162543.jpg,0.7379030000001876,3,False
1391,000000162732.jpg,0.7272499810005684,6,False
1392,000000162858.jpg,0.7462828200004878,12,False
1394,000000163117.jpg,0.7235981080002603,16,False
1396,000000163155.jpg,0.724897668000267,1,False
1397,000000163257.jpg,0.7427430900006584,2,False
1398,000000163258.jpg,0.7284871330002716,2,False
1400,000000163314.jpg,0.7230290460001925,7,False
1401,000000163562.jpg,0.7276470780007003,2,False
1404,000000163682.jpg,0.7441212889998496,2,False
1406,000000163951.jpg,0.7231447310005024,1,False
1408,000000164363.jpg,0.7272110350004368,1,False
1410,000000164637.jpg,0.7374298609993275,1,False
1411,000000164883.jpg,0.7251841519992013,4,False
1412,000000164885.jpg,0.7361917410007663,4,False
1413,000000164969.jpg,0.726576944000044,1,False
1414,000000165039.jpg,0.7407034979996752,10,False
1415,000000165257.jpg,0.7233196130000579,1,False
1416,000000165336.jpg,0.7457450109995989,3,False
1417,000000165351.jpg,0.7278036659999998,1,False
1418,000000165500.jpg,0.7412132610006665,1,False
1419,000000165518.jpg,0.7274828930003423,1,False
1420,000000165681.jpg,0.7400440669998716,7,False
1421,000000165713.jpg,0.7243598190007106,1,False
1423,000000166165.jpg,0.7227360430006229,3,False
1425,000000166259.jpg,0.7349552659998153,4,False
1427,000000166287.jpg,0.754205008000099,18,False
1429,000000166426.jpg,0.7318525470000168,8,False
1430,000000166478.jpg,0.7419235870002012,7,False
1432,000000166521.jpg,0.7430793140001697,3,False
1434,000000166642.jpg,0.7350123500000336,1,False
1435,000000166664.jpg,0.7201469300007375,2,False
1436,000000166747.jpg,0.7614480440006446,7,False
1437,000000166768.jpg,0.7281952789999195,3,False
1438,000000166918.jpg,0.7264077150002777,19,False
1439,000000167067.jpg,0.7307354350004971,2,False
1440,000000167122.jpg,0.7273463799992896,0,False
1441,000000167128.jpg,0.7340748269998585,2,False
1442,000000167159.jpg,0.7227621290003299,2,False
1443,000000167240.jpg,0.7412339949996749,1,False
1444,000000167353.jpg,0.7227195960003883,1,False
1446,000000167540.jpg,0.725040872000136,1,False
1448,000000167898.jpg,0.7335521329996482,3,False
1450,000000168330.jpg,0.7372676789991601,6,False
1452,000000168458.jpg,0.7231351159998667,3,False
1454,000000168619.jpg,0.7292279470002541,1,False
1456,000000168974.jpg,0.7244766849998996,2,False
1459,000000169356.jpg,0.7235036900001433,2,False
1461,000000170099.jpg,0.7325408189999507,3,False
1463,000000170191.jpg,0.7477767489999678,4,False
1465,000000170474.jpg,0.725191487000302,3,False
1467,000000170595.jpg,0.7241688719996091,0,False
1469,000000170670.jpg,0.7283670260003419,13,False
1470,000000170739.jpg,0.7434302640003807,5,False
1472,000000170955.jpg,0.7298903439996138,2,False
1473,000000171050.jpg,0.7433200909999869,1,False
1474,000000171190.jpg,0.7334188089998861,19,False
1475,000000171298.jpg,0.7433398330003911,3,False
1476,000000171382.jpg,0.7314920990002065,17,False
1477,000000171611.jpg,0.7449740510000993,4,False
1478,000000171740.jpg,0.72893816999931,2,False
1480,000000171788.jpg,0.7250340700002198,3,False
1482,000000172330.jpg,0.737161962000755,3,False
1484,000000172547.jpg,0.7435884379992785,2,False
1486,000000172595.jpg,0.7298999240001649,8,False
1488,000000172648.jpg,0.7296895989993573,5,False
1490,000000172856.jpg,0.7217048149996117,1,False
1492,000000172935.jpg,0.7373294670005635,2,False
1494,000000172977.jpg,0.7428442440004801,1,False
1496,000000173008.jpg,0.7308636460002162,5,False
1498,000000173044.jpg,0.7208359449996351,1,False
1499,000000173057.jpg,0.7756698560006043,10,False
1500,000000173091.jpg,0.7273666000000958,1,False
1501,000000173183.jpg,0.7434145759998501,0,False
1503,000000173371.jpg,0.7225713920006456,9,False
1504,000000173383.jpg,0.7345635369993033,2,False
1505,000000173799.jpg,0.7248368079999636,16,False
1506,000000173830.jpg,0.7402089920005892,1,False
1508,000000174018.jpg,0.735601244999998,2,False
1510,000000174231.jpg,0.7286409540001841,2,False
1512,000000174482.jpg,0.7190170459998626,6,False
1513,000000175251.jpg,0.7416361019995747,2,False
1514,000000175364.jpg,0.7295520520001446,6,False
1515,000000175387.jpg,0.7362359270000525,1,False
1516,000000175438.jpg,0.7258306829999128,12,False
1517,000000175443.jpg,0.7384352510007375,1,False
1518,000000175535.jpg,0.7279108230004567,6,False
1519,000000176037.jpg,0.7399700420000954,2,False
1521,000000176446.jpg,0.7235746489996018,2,False
1522,000000176606.jpg,0.7429957029999059,3,False
1523,000000176634.jpg,0.7264492660005999,1,False
1524,000000176701.jpg,0.7352912050000668,0,False
1525,000000176778.jpg,0.7217383289998907,2,False
1526,000000176799.jpg,0.7409316240000408,3,False
1527,000000176847.jpg,0.7211704439996538,1,False
1528,000000176857.jpg,0.7377468449994922,5,False
1530,000000177015.jpg,0.7738230089998979,2,False
1532,000000177213.jpg,0.7194008940005006,4,False
1534,000000177383.jpg,0.7240566560003572,1,False
1536,000000177539.jpg,0.7280555329998606,2,False
1537,000000177714.jpg,0.7190228370000114,3,False
1538,000000177861.jpg,0.74127635899913,7,False
1540,000000177934.jpg,0.7455276600003344,13,False
1542,000000178028.jpg,0.7419321119996312,5,False
1543,000000178469.jpg,0.7261845029997858,4,False
1544,000000178618.jpg,0.7274845909996657,1,False
1545,000000178744.jpg,0.737163488999613,3,False
1547,000000179112.jpg,0.7459625640003651,2,False
1548,000000179141.jpg,0.7311200630001622,5,False
1549,000000179174.jpg,0.7417473639998207,17,False
1551,000000179265.jpg,0.737306226000328,4,False
1553,000000179392.jpg,0.7281494620001467,1,False
1555,000000179642.jpg,0.7266134020001118,12,False
1557,000000179765.jpg,0.7414612070006115,1,False
1558,000000179898.jpg,0.7297705790006148,12,False
1560,000000180101.jpg,0.7193623769999249,10,False
1561,000000180135.jpg,0.7356430400004683,2,False
1562,000000180188.jpg,0.7226728059995366,1,False
1563,000000180296.jpg,0.7314694690003307,2,False
1564,000000180383.jpg,0.7236676180000359,3,False
1566,000000180560.jpg,0.7387718109994239,3,False
1568,000000180792.jpg,0.7603339370007234,1,False
1569,000000180798.jpg,0.7274321869999767,2,False
1571,000000181303.jpg,0.7294751659992471,2,False
1573,000000181499.jpg,0.7403941560005478,2,False
1574,000000181542.jpg,0.7278913829995872,15,False
1575,000000181666.jpg,0.7445228790002147,15,False
1576,000000181753.jpg,0.7257992100003321,4,False
1578,000000181816.jpg,0.7199250399999073,5,False
1579,000000181859.jpg,0.7260803999997734,1,False
1580,000000181969.jpg,0.7392386720002833,1,False
1581,000000182021.jpg,0.722565585000666,3,False
1582,000000182155.jpg,0.7389196750000337,5,False
1584,000000182202.jpg,0.7326513589996466,1,False
1586,000000182441.jpg,0.7189167999995334,1,False
1587,000000182611.jpg,0.7362916809997841,8,False
1588,000000182805.jpg,0.7188001909999002,1,False
1589,000000182923.jpg,0.7371516050006903,7,False
1590,000000183049.jpg,0.7224955450001289,5,False
1592,000000183127.jpg,0.7234438429995862,2,False
1594,000000183391.jpg,0.7550841809998019,4,False
1596,000000183500.jpg,0.7400247759997001,1,False
1597,000000183648.jpg,0.7229597639998246,4,False
1598,000000183675.jpg,0.7399150380006176,2,False
1599,000000183709.jpg,0.7288285350005026,18,False
1600,000000183716.jpg,0.7409647929998755,4,False
1601,000000183965.jpg,0.7329989239997303,3,False
1603,000000184324.jpg,0.7377650930002346,17,False
1604,000000184338.jpg,0.7625673100001222,1,False
1605,000000184384.jpg,0.7397825839998404,6,False
1606,000000184400.jpg,0.7265415179999763,1,False
1607,000000184611.jpg,0.7428602559994033,15,False
1608,000000184762.jpg,0.7270205720005833,1,False
1609,000000184791.jpg,0.7375770790004026,3,False
1610,000000184978.jpg,0.7266235759998381,1,False
1611,000000185157.jpg,0.7427604639997298,0,False
1613,000000185292.jpg,0.741948694999337,1,False
1614,000000185409.jpg,0.7239278360002572,5,False
1615,000000185472.jpg,0.7417324190000727,5,False
1616,000000185473.jpg,0.7270649340007367,11,False
1617,000000185599.jpg,0.7437159670007532,3,False
1618,000000185802.jpg,0.7257510149993323,3,False
1620,000000185950.jpg,0.7408260240008531,5,False
1622,000000186282.jpg,0.7451931200002946,3,False
1624,000000186345.jpg,0.7302119910000329,7,False
1625,000000186422.jpg,0.769993677000457,2,False
1626,000000186449.jpg,0.7261513450002894,6,False
1627,000000186624.jpg,0.7369641099994624,2,False
1628,000000186632.jpg,0.7290743330004261,5,False
1630,000000186873.jpg,0.7225655339998411,5,False
1631,000000186929.jpg,0.7370986340001764,5,False
1633,000000186980.jpg,0.7296149340008924,5,False
1635,000000187144.jpg,0.7235374480005703,6,False
1636,000000187236.jpg,0.7455334019996371,3,False
1637,000000187243.jpg,0.7285763890004091,2,False
1638,000000187249.jpg,0.741848753999875,1,False
1639,000000187271.jpg,0.7315205989998503,1,False
1640,000000187362.jpg,0.7457480339999165,2,False
1642,000000187585.jpg,0.7286813950004216,2,False
1644,000000187745.jpg,0.7214859890000298,1,False
1646,000000188296.jpg,0.7192728740001257,6,False
1647,000000188439.jpg,0.7349080799995136,3,False
1649,000000188592.jpg,0.7255311649996656,2,False
1650,000000188689.jpg,0.7395961199999874,1,False
1651,000000188906.jpg,0.7216524430004938,1,False
1652,000000189078.jpg,0.7417812220000997,5,False
1653,000000189213.jpg,0.756724227999257,1,False
1654,000000189226.jpg,0.7428310140003305,1,False
1656,000000189436.jpg,0.7388624819996039,1,False
1657,000000189451.jpg,0.7309076110004753,2,False
1659,000000189698.jpg,0.7428658390008422,1,False
1661,000000189775.jpg,0.7547553450003761,3,False
1663,000000189820.jpg,0.726494571999865,9,False
1665,000000190007.jpg,0.7223849279998831,2,False
1666,000000190140.jpg,0.74176513600014,3,False
1667,000000190236.jpg,0.7252673419998246,8,False
1668,000000190307.jpg,0.7691579020001882,1,False
1669,000000190637.jpg,0.7243810319996555,2,False
1670,000000190648.jpg,0.7488666250001188,2,False
1671,000000190676.jpg,0.7220923590002712,13,False
1673,000000190756.jpg,0.741652755999894,2,False
1675,000000190853.jpg,0.7446643009998297,2,False
1677,000000191013.jpg,0.7204856739999741,5,False
1679,000000191471.jpg,0.7254701199999545,1,False
1680,000000191580.jpg,0.7444500329993389,5,False
1681,000000191614.jpg,0.7259252479998395,3,False
1682,000000191672.jpg,0.7407493289992999,2,False
1683,000000191761.jpg,0.7224992460005524,1,False
1684,000000191845.jpg,0.7424718960000973,34,False
1685,000000192047.jpg,0.723628464000285,1,False
1687,000000192607.jpg,0.7210409250001248,2,False
1689,000000192699.jpg,0.7409992080001757,2,False
1690,000000192716.jpg,0.7192212890004157,3,False
1691,000000192871.jpg,0.7382959810001921,5,False
1692,000000192904.jpg,0.7357853260000411,5,False
1693,000000192964.jpg,0.7311414770001647,2,False
1695,000000193181.jpg,0.7257170610000685,6,False
1697,000000193348.jpg,0.7263540059993829,2,False
1698,000000193429.jpg,0.7438855950003926,2,False
1700,000000193674.jpg,0.7371405180001602,3,False
1702,000000193743.jpg,0.7274118800005454,4,False
1704,000000193926.jpg,0.7216314279994549,8,False
1705,000000194216.jpg,0.7452730079994581,4,False
1706,000000194471.jpg,0.7274517189998733,2,False
1708,000000194716.jpg,0.7388269680004669,2,False
1709,000000194724.jpg,0.724618604999705,11,False
1710,000000194746.jpg,0.7647272780004641,2,False
1711,000000194832.jpg,0.724865477000094,3,False
1712,000000194875.jpg,0.7392090599996664,14,False
1713,000000194940.jpg,0.7239692769999237,7,False
1714,000000195045.jpg,0.7469289339996976,2,False
1715,000000195165.jpg,0.7214315860001079,5,False
1716,000000195754.jpg,0.7362792419999096,3,False
1717,000000195842.jpg,0.7256913089995578,4,False
1718,000000195918.jpg,0.7405527609998899,8,False
1720,000000196141.jpg,0.7374262410003212,9,False
1721,000000196185.jpg,0.7215339800004585,1,False
1722,000000196442.jpg,0.730169534000197,6,False
1723,000000196754.jpg,0.7247548730001654,1,False
1724,000000196759.jpg,0.7266874399992957,5,False
1725,000000196843.jpg,0.7350960129997475,4,False
1726,000000197004.jpg,0.7621686160000536,2,False
1727,000000197022.jpg,0.736161527999684,2,False
1728,000000197388.jpg,0.7262090180001906,7,False
1729,000000197528.jpg,0.7304522209997231,1,False
1730,000000197658.jpg,0.7224260169996342,2,False
1731,000000197796.jpg,0.7369248409995635,4,False
1732,000000197870.jpg,0.7208721730003163,3,False
1733,000000198489.jpg,0.7410901570001442,5,False
1735,000000198641.jpg,0.7372400300000663,5,False
1737,000000198915.jpg,0.7189169860002949,0,False
1739,000000198960.jpg,0.7271573039997747,3,False
1741,000000199236.jpg,0.7288520960000824,8,False
1742,000000199310.jpg,0.7219349609995334,2,False
1743,000000199395.jpg,0.7332974840001043,5,False
1744,000000199442.jpg,0.7183484580000368,2,False
1745,000000199551.jpg,0.735220272999868,1,False
1746,000000199681.jpg,0.7291972450002504,1,False
1747,000000199771.jpg,0.7403925660000823,11,False
1748,000000199977.jpg,0.72374486300032,1,False
1749,000000200152.jpg,0.7737052710008356,0,False
1750,000000200162.jpg,0.7271400330000688,4,False
1751,000000200252.jpg,0.7455978959997083,1,False
1752,000000200421.jpg,0.7281236970002283,2,False
1753,000000200667.jpg,0.7406785680004759,0,False
1754,000000200839.jpg,0.727276700999937,2,False
1756,000000201025.jpg,0.7173015260004831,2,False
1758,000000201148.jpg,0.7327883499992822,2,False
1760,000000201426.jpg,0.7421862569999575,7,False
1762,000000201676.jpg,0.7472984400001224,5,False
1764,000000201934.jpg,0.7511051310002586,3,False
1765,000000202001.jpg,0.7395794049998585,2,False
1767,000000202339.jpg,0.7265835579992199,6,False
1769,000000203095.jpg,0.7341172679998635,5,False
1771,000000203317.jpg,0.7249212739998256,1,False
1772,000000203389.jpg,0.7416654789994936,8,False
1773,000000203488.jpg,0.7250951639998675,3,False
1774,000000203546.jpg,0.7378212929997972,1,False
1775,000000203580.jpg,0.7265238059999319,1,False
1777,000000203639.jpg,0.7376198349993501,1,False
1779,000000203931.jpg,0.7282476559994393,5,False
1780,000000204186.jpg,0.7633790770005362,6,False
1781,000000204329.jpg,0.7391641269996398,4,False
1782,000000204871.jpg,0.7249944859995594,6,False
1783,000000205105.jpg,0.740962990999833,5,False
1785,000000205289.jpg,0.7266890379996767,2,False
1787,000000205333.jpg,0.7192271470003107,3,False
1789,000000205514.jpg,0.7422756979995029,8,False
1790,000000205542.jpg,0.7267650809999395,1,False
1792,000000205776.jpg,0.7208134060001612,1,False
1794,000000206025.jpg,0.7271432329998788,2,False
1796,000000206135.jpg,0.7319389369995406,5,False
1797,000000206218.jpg,0.7239643610000712,2,False
1798,000000206271.jpg,0.730719016999501,1,False
1800,000000206487.jpg,0.722624906999954,5,False
1802,000000206831.jpg,0.727980182000465,1,False
1804,000000206994.jpg,0.7271913179993135,1,False
1805,000000207306.jpg,0.7470721950003281,2,False
1806,000000207538.jpg,0.7245266829995671,1,False
1807,000000207585.jpg,0.7266786740001407,3,False
1808,000000207728.jpg,0.7276715770003648,2,False
1809,000000207844.jpg,0.7299195120003787,13,False
1810,000000208208.jpg,0.7429586219996054,1,False
1811,000000208363.jpg,0.7301878449998185,15,False
1812,000000208423.jpg,0.7395642859992222,13,False
1813,000000208901.jpg,0.731077249000009,1,False
1814,000000209142.jpg,0.7352111389991478,5,False
1815,000000209222.jpg,0.7260750490004284,8,False
1816,000000209530.jpg,0.7376474249995226,10,False
1818,000000209747.jpg,0.747973864999949,1,False
1819,000000209753.jpg,0.7310357339993061,1,False
1820,000000209757.jpg,0.7443383809995794,5,False
1822,000000209972.jpg,0.7195176759996684,1,False
1824,000000210032.jpg,0.7212307079998936,5,False
1826,000000210230.jpg,0.7394127249999656,8,False
1827,000000210273.jpg,0.7270654639996792,29,False
1829,000000210388.jpg,0.7206418639998446,3,False
1830,000000210394.jpg,0.7413657560000502,12,False
1831,000000210502.jpg,0.7234945739992327,1,False
1832,000000210520.jpg,0.7438288949997514,11,False
1833,000000210708.jpg,0.7535935939995397,2,False
1835,000000210855.jpg,0.7279368550007348,2,False
1837,000000211042.jpg,0.7389793459997236,2,False
1839,000000211120.jpg,0.7353031800003009,5,False
1841,000000211825.jpg,0.732627971000511,5,False
1842,000000212072.jpg,0.7410752140003751,1,False
1843,000000212166.jpg,0.7299702979998983,2,False
1844,000000212226.jpg,0.7394417759996941,2,False
1845,000000212453.jpg,0.7298057809994134,1,False
1847,000000212573.jpg,0.72361194000041,8,False
1848,000000212800.jpg,0.7380055819994595,20,False
1850,000000213033.jpg,0.7268845389999115,2,False
1851,000000213035.jpg,0.746925211999951,4,False
1852,000000213086.jpg,0.727039798000078,2,False
1854,000000213224.jpg,0.7252106780006216,5,False
1856,000000213422.jpg,0.7310766000000513,2,False
1858,000000213547.jpg,0.743576548999954,3,False
1860,000000213605.jpg,0.7224008829998638,3,False
1862,000000213830.jpg,0.732661007000388,7,False
1863,000000213935.jpg,0.7407094170002892,6,False
1864,000000214192.jpg,0.7293820960003359,3,False
1865,000000214200.jpg,0.7358961800000543,4,False
1866,000000214205.jpg,0.7281055280000146,1,False
1867,000000214224.jpg,0.7476372410001204,4,False
1868,000000214539.jpg,0.7273071800000253,8,False
1869,000000214703.jpg,0.7433280750001359,2,False
1870,000000214720.jpg,0.7305517040003906,8,False
1871,000000214753.jpg,0.7444627929999115,4,False
1872,000000214869.jpg,0.7345581499994296,1,False
1873,000000215072.jpg,0.7474810209996576,3,False
1874,000000215114.jpg,0.7297061350000149,6,False
1875,000000215245.jpg,0.7452320869997493,6,False
1876,000000215259.jpg,0.726993739000136,2,False
1878,000000215723.jpg,0.7471177670004181,4,False
1880,000000216277.jpg,0.7391591360001257,4,False
1882,000000216419.jpg,0.726971207999668,2,False
1883,000000216497.jpg,0.7456287400000292,6,False
1884,000000216516.jpg,0.7256357700007356,2,False
1886,000000216739.jpg,0.7249507200003791,3,False
1888,000000217219.jpg,0.7295896639998318,1,False
1889,000000217285.jpg,0.7247617959992567,6,False
1890,000000217400.jpg,0.7443083429998296,1,False
1891,000000217425.jpg,0.727650877999622,1,False
1893,000000217753.jpg,0.7228590670001722,2,False
1894,000000217872.jpg,0.7344555170002423,2,False
1896,000000217957.jpg,0.722615143999974,1,False
1898,000000218249.jpg,0.723810713999228,1,False
1899,000000218362.jpg,0.7404597549993923,2,False
1900,000000218424.jpg,0.7298989109995091,3,False
1901,000000218439.jpg,0.7395014450003146,4,False
1903,000000219271.jpg,0.7247507129995938,8,False
1905,000000219440.jpg,0.7226522609998938,3,False
1906,000000219485.jpg,0.7322445899999366,1,False
1907,000000219578.jpg,0.7233823510005095,1,False
1908,000000220310.jpg,0.7400264469997637,2,False
1909,000000220584.jpg,0.73061172800044,2,False
1910,000000220732.jpg,0.7366946649999591,4,False
1911,000000220764.jpg,0.7280937949999498,1,False
1912,000000220858.jpg,0.7430607689993849,4,False
1913,000000221017.jpg,0.768054124999253,1,False
1914,000000221155.jpg,0.7380692710003132,2,False
1915,000000221213.jpg,0.723404223000216,2,False
1916,000000221281.jpg,0.7350090079999063,2,False
1917,000000221291.jpg,0.724012851000225,2,False
1919,000000221693.jpg,0.7447725050005829,2,False
1920,000000221708.jpg,0.7281794090004041,6,False
1921,000000221754.jpg,0.7407612819997667,5,False
1922,000000221872.jpg,0.7336722009995356,6,False
1923,000000222094.jpg,0.740604930999325,4,False
1924,000000222118.jpg,0.7259383269993123,1,False
1925,000000222235.jpg,0.7418523530004677,1,False
1927,000000222317.jpg,0.7427230169996619,2,False
1929,000000222458.jpg,0.7225158459996237,8,False
1931,000000222735.jpg,0.7247151900000972,2,False
1933,000000222863.jpg,0.732584436000252,1,False
1934,000000222991.jpg,0.7205493749997913,0,False
1935,000000223090.jpg,0.7446564769998076,3,False
1937,000000223182.jpg,0.7343774669998311,7,False
1938,000000223188.jpg,0.7246621009999217,1,False
1939,000000223738.jpg,0.7432928930002163,5,False
1941,000000223789.jpg,0.7239577909995205,2,False
1942,000000223955.jpg,0.7427291370004241,2,False
1944,000000224051.jpg,0.743297323000661,3,False
1945,000000224093.jpg,0.7240173669997603,4,False
1946,000000224119.jpg,0.7413612379996266,3,False
1947,000000224200.jpg,0.7251656219996221,2,False
1948,000000224222.jpg,0.7403444649999074,4,False
1949,000000224337.jpg,0.7264959680005632,5,False
1950,000000224664.jpg,0.7413878689994817,5,False
1951,000000224675.jpg,0.7246387730001516,2,False
1953,000000224807.jpg,0.743326437000178,19,False
1955,000000225405.jpg,0.7413381690003007,4,False
1956,000000225532.jpg,0.7231340790003742,3,False
1957,000000225670.jpg,0.7444263780007532,2,False
1958,000000225757.jpg,0.7232975779998014,9,False
1960,000000226058.jpg,0.7627979319995575,3,False
1962,000000226130.jpg,0.7415602640003272,2,False
1963,000000226147.jpg,0.7348944220002522,8,False
1964,000000226154.jpg,0.7419808180002292,3,False
1965,000000226171.jpg,0.7257750899998427,5,False
1966,000000226408.jpg,0.739708735000022,2,False
1967,000000226417.jpg,0.7217839219993039,14,False
1968,000000226592.jpg,0.7378334289996928,2,False
1969,000000226662.jpg,0.7226822519996858,3,False
1970,000000226802.jpg,0.7463465599994379,13,False
1971,000000226883.jpg,0.724142172000029,1,False
1973,000000226984.jpg,0.7365792509999665,6,False
1975,000000227187.jpg,0.7374373229995399,7,False
1977,000000227478.jpg,0.7209925600000133,3,False
1979,000000227491.jpg,0.7283534569996846,1,False
1981,000000227686.jpg,0.7259641349992307,1,False
1982,000000227765.jpg,0.73664485000063,7,False
1983,000000227898.jpg,0.7206314360000761,5,False
1984,000000227985.jpg,0.7254703600001449,4,False
1985,000000228144.jpg,0.7242784199997914,3,False
1987,000000228436.jpg,0.7473052510003981,5,False
1988,000000228771.jpg,0.7250992330000372,0,False
1989,000000228942.jpg,0.7419803480006522,9,False
1990,000000228981.jpg,0.7274767420003627,3,False
1991,000000229111.jpg,0.7475570650003647,2,False
1992,000000229216.jpg,0.7219416920006552,3,False
1994,000000229311.jpg,0.7313877650003633,2,False
1995,000000229358.jpg,0.7191895750002004,5,False
1996,000000229553.jpg,0.7341613090002284,3,False
1998,000000229659.jpg,0.7695182739998927,11,False
2000,000000229753.jpg,0.7241211869995823,2,False
2002,000000229858.jpg,0.7244082429997434,0,False
2004,000000229997.jpg,0.7252717780002058,6,False
2006,000000230166.jpg,0.7295433169992975,12,False
2008,000000230450.jpg,0.7453342700000576,5,False
2010,000000230983.jpg,0.7215339089998452,5,False
2012,000000231088.jpg,0.7200675829999454,6,False
2013,000000231097.jpg,0.7424736920002033,5,False
2014,000000231125.jpg,0.7208610790003149,2,False
2015,000000231169.jpg,0.7432610969999587,1,False
2016,000000231237.jpg,0.718158442999993,0,False
2018,000000231508.jpg,0.7405355539995071,6,False
2019,000000231527.jpg,0.7351703920003274,9,False
2020,000000231549.jpg,0.7412374220002675,2,False
2022,000000231747.jpg,0.727906350000012,3,False
2023,000000231822.jpg,0.7217641900006129,9,False
2025,000000231879.jpg,0.7363733160000265,6,False
2027,000000232244.jpg,0.7387468249999074,1,False
2028,000000232348.jpg,0.7226287069997852,1,False
2029,000000232489.jpg,0.7371197770007711,1,False
2031,000000232563.jpg,0.7246350710001934,3,False
2033,000000232649.jpg,0.7191445390008084,3,False
2035,000000232692.jpg,0.7204783869992752,5,False
2036,000000233033.jpg,0.7440373809995435,6,False
2038,000000233238.jpg,0.7325730410002507,16,False
2040,000000233567.jpg,0.7230850079995434,4,False
2042,000000233771.jpg,0.7358197530002144,9,False
2044,000000234366.jpg,0.7366364540002905,1,False
2046,000000234526.jpg,0.7229967709999983,3,False
2047,000000234607.jpg,0.7342291689992635,3,False
2049,000000234757.jpg,0.7473491339997054,1,False
2051,000000234807.jpg,0.745565569000064,2,False
2052,000000235057.jpg,0.729030488000717,1,False
2053,000000235064.jpg,0.7441440189995774,1,False
2055,000000235252.jpg,0.7255839670006026,3,False
2056,000000235399.jpg,0.7376151020007455,1,False
2057,000000235778.jpg,0.7212676150002153,2,False
2058,000000235784.jpg,0.7432036720001634,2,False
2059,000000235836.jpg,0.7228352940001059,5,False
2061,000000236166.jpg,0.7208692109998083,1,False
2062,000000236308.jpg,0.738151194999773,4,False
2063,000000236412.jpg,0.7243194370003039,1,False
2064,000000236426.jpg,0.7298146190005355,15,False
2066,000000236599.jpg,0.7277736470005038,12,False
2067,000000236690.jpg,0.7410124440002619,1,False
2068,000000236721.jpg,0.7286580869995305,5,False
2069,000000236730.jpg,0.7491180209999584,1,False
2070,000000236784.jpg,0.7292797700001756,3,False
2071,000000236845.jpg,0.7470282340000267,2,False
2072,000000236914.jpg,0.7297384350003995,3,False
2073,000000237071.jpg,0.7396645050002917,3,False
2075,000000237316.jpg,0.7237515529996017,2,False
2077,000000237864.jpg,0.7255143439997482,2,False
2078,000000237928.jpg,0.7445407459999842,3,False
2080,000000238013.jpg,0.7406099480003832,4,False
2081,000000238039.jpg,0.7289344420005364,2,False
2083,000000238866.jpg,0.7460953899999367,28,False
2085,000000239274.jpg,0.74480235899955,5,False
2086,000000239318.jpg,0.7261269930004346,1,False
2087,000000239347.jpg,0.7461768910006867,2,False
2088,000000239537.jpg,0.7245122959993751,3,False
2089,000000239627.jpg,0.7426281099997141,4,False
2091,000000239773.jpg,0.72507436900014,5,False
2092,000000239843.jpg,0.7671637869998449,1,False
2093,000000239857.jpg,0.7296317569998791,11,False
2095,000000240049.jpg,0.7213112930003263,3,False
2097,000000240754.jpg,0.7388775360004729,2,False
2098,000000240767.jpg,0.7228974540003037,0,False
2099,000000240940.jpg,0.7375364670006093,3,False
2100,000000241297.jpg,0.7266768089994002,1,False
2101,000000241319.jpg,0.7400263280005674,2,False
2102,000000241326.jpg,0.7256869249995361,3,False
2103,000000241602.jpg,0.7816850810004325,2,False
2104,000000241668.jpg,0.7257297389996893,3,False
2105,000000241677.jpg,0.7414674710007603,7,False
2106,000000242060.jpg,0.7272532699998919,9,False
2107,000000242287.jpg,0.7433919619998051,1,False
2108,000000242411.jpg,0.72543885199957,7,False
2109,000000242678.jpg,0.7398532549996162,1,False
2110,000000242724.jpg,0.7263854220000212,4,False
2111,000000242934.jpg,0.7401382549996924,2,False
2113,000000243034.jpg,0.7444483669996771,3,False
2114,000000243075.jpg,0.7233637879999151,1,False
2116,000000243199.jpg,0.7391921490007007,2,False
2118,000000243344.jpg,0.7448558300002333,2,False
2120,000000243626.jpg,0.7229443289998017,4,False
2122,000000243989.jpg,0.7274094410004182,7,False
2124,000000244099.jpg,0.7397940210003071,2,False
2126,000000244379.jpg,0.7409422749997248,2,False
2128,000000244496.jpg,0.7376057159999618,2,False
2129,000000244592.jpg,0.731480685999486,2,False
2130,000000244750.jpg,0.7291627149998021,10,False
2131,000000244833.jpg,0.7229841469998064,6,False
2132,000000245026.jpg,0.7274012770003537,4,False
2133,000000245102.jpg,0.7360414080003466,0,False
2134,000000245173.jpg,0.7245885120000821,2,False
2135,000000245311.jpg,0.7448818909997499,7,False
2136,000000245320.jpg,0.7269124279991956,2,False
2138,000000245513.jpg,0.7288454210001873,2,False
2140,000000245651.jpg,0.7342042509999374,0,False
2142,000000245915.jpg,0.7416580540002542,14,False
2143,000000246308.jpg,0.7288686440006131,7,False
2144,000000246436.jpg,0.7405216329998439,6,False
2145,000000246454.jpg,0.7261373780002032,4,False
2146,000000246522.jpg,0.7386634929998763,1,False
2147,000000246883.jpg,0.7249831239996638,4,False
2148,000000246963.jpg,0.738524827999754,7,False
2150,000000247806.jpg,0.7209448639996481,1,False
2152,000000247917.jpg,0.7260485839997273,15,False
2153,000000248111.jpg,0.741362687000219,3,False
2154,000000248112.jpg,0.7287204070007647,4,False
2156,000000248314.jpg,0.7261048629998186,7,False
2157,000000248334.jpg,0.7166970680000304,3,False
2158,000000248400.jpg,0.7355023049994998,4,False
2159,000000248616.jpg,0.7180238769997231,5,False
2161,000000248752.jpg,0.7278763750000508,2,False
2162,000000248810.jpg,0.7441584190000867,1,False
2163,000000248980.jpg,0.7263459370005876,3,False
2165,000000249129.jpg,0.7420044290001897,12,False
2166,000000249180.jpg,0.7290979270001117,2,False
2167,000000249219.jpg,0.7626575109998157,1,False
2168,000000249550.jpg,0.7287032799995359,2,False
2170,000000249786.jpg,0.7282803569996759,3,False
2172,000000250137.jpg,0.7269924550000724,7,False
2174,000000250282.jpg,0.7336889470007009,12,False
2176,000000250758.jpg,0.7387148709995017,2,False
2178,000000250901.jpg,0.7175496620002377,2,False
2179,000000251065.jpg,0.7345271670001239,1,False
2180,000000251119.jpg,0.7178153290005866,0,False
2181,000000251140.jpg,0.7389298710004368,3,False
2182,000000251537.jpg,0.7224960319999809,1,False
2184,000000251824.jpg,0.7194801370005734,4,False
2186,000000252219.jpg,0.7504352510004537,5,False
2187,000000252294.jpg,0.7213256679997357,0,False
2189,000000252507.jpg,0.7220722020001631,2,False
2191,000000252701.jpg,0.7354712950000248,3,False
2192,000000252716.jpg,0.7184340699996028,2,False
2193,000000252776.jpg,0.7350411670004178,5,False
2194,000000253002.jpg,0.72718832999999,0,False
2195,000000253386.jpg,0.7332499720005217,3,False
2196,000000253433.jpg,0.7259822059995713,1,False
2197,000000253452.jpg,0.7381747850004103,6,False
2198,000000253695.jpg,0.7233910490003836,2,False
2199,000000253742.jpg,0.7430930619993887,21,False
2200,000000253819.jpg,0.7238172150000537,2,False
2201,000000253835.jpg,0.7422386390007887,5,False
2202,000000254016.jpg,0.7266974439999103,13,False
2203,000000254368.jpg,0.7381240269996852,1,False
2205,000000254814.jpg,0.7313496110000415,13,False
2206,000000255165.jpg,0.7381875450000734,7,False
2207,000000255401.jpg,0.7254340609997598,4,False
2208,000000255483.jpg,0.738004415999967,4,False
2209,000000255536.jpg,0.7224318139997195,3,False
2210,000000255664.jpg,0.7374084009998114,2,False
2211,000000255718.jpg,0.7254265609999493,1,False
2212,000000255747.jpg,0.7328635860003487,2,False
2213,000000255749.jpg,0.7189207920000626,4,False
2214,000000255824.jpg,0.7425658060001297,2,False
2215,000000255912.jpg,0.7179178889991817,2,False
2216,000000255917.jpg,0.7430298600002061,9,False
2217,000000255965.jpg,0.7256399120005881,1,False
2218,000000256192.jpg,0.7375396039997213,5,False
2219,000000256195.jpg,0.725462821000292,1,False
2220,000000256407.jpg,0.7413885700007086,2,False
2222,000000256775.jpg,0.7521718050002164,9,False
2224,000000256916.jpg,0.7222838160005267,9,False
2225,000000256941.jpg,0.7379597899998771,1,False
2226,000000257084.jpg,0.7296639529995446,6,False
2228,000000257370.jpg,0.7305923580006493,6,False
2229,000000257478.jpg,0.7384242139996786,2,False
2231,000000257624.jpg,0.7315946310000072,3,False
2233,000000257896.jpg,0.726089081000282,2,False
2234,000000258388.jpg,0.7382315869999729,4,False
2235,000000258541.jpg,0.7240438669996365,2,False
2237,000000258883.jpg,0.7425219029992149,3,False
2238,000000258911.jpg,0.7302844529995127,3,False
2239,000000259097.jpg,0.7415205739998783,2,False
2240,000000259382.jpg,0.7341065310001795,1,False
2241,000000259571.jpg,0.7457373350007401,8,False
2242,000000259597.jpg,0.7294336980003209,11,False
2244,000000259640.jpg,0.7296612899999673,4,False
2245,000000259690.jpg,0.7439408060008645,8,False
2247,000000259854.jpg,0.7208218269997815,0,False
2249,000000260106.jpg,0.7305500649999885,6,False
2250,000000260261.jpg,0.7366709110001466,3,False
2251,000000260266.jpg,0.7264407669999855,6,False
2252,000000260470.jpg,0.7438925480000762,10,False
2253,000000260657.jpg,0.7232403360003445,0,False
2255,000000261036.jpg,0.7370584280006369,4,False
2256,000000261061.jpg,0.7270654880003349,2,False
2257,000000261097.jpg,0.7436563270002807,4,False
2259,000000261161.jpg,0.7387921620002089,2,False
2260,000000261318.jpg,0.7274908200006394,4,False
2261,000000261535.jpg,0.7413285410002572,8,False
2262,000000261706.jpg,0.728332650000084,1,False
2263,000000261712.jpg,0.7434074960001453,2,False
2264,000000261732.jpg,0.7231276160000562,2,False
2265,000000261796.jpg,0.7361332850005056,0,False
2266,000000261888.jpg,0.7210590140002751,5,False
2268,000000262048.jpg,0.7435554589992535,8,False
2269,000000262227.jpg,0.7186068940000041,1,False
2270,000000262440.jpg,0.7333982420004759,3,False
2271,000000262487.jpg,0.7223045460004869,3,False
2272,000000262587.jpg,0.7411318390004453,2,False
2273,000000262631.jpg,0.7231066730000748,2,False
2275,000000262895.jpg,0.7182507480001732,2,False
2276,000000262938.jpg,0.7261645680000584,2,False
2277,000000263068.jpg,0.720804424000562,2,False
2278,000000263299.jpg,0.7256171440003527,1,False
2279,000000263403.jpg,0.7364170629998625,2,False
2280,000000263425.jpg,0.7557411690004301,3,False
2281,000000263463.jpg,0.7284401890001391,2,False
2282,000000263474.jpg,0.7280173389999618,1,False
2283,000000263594.jpg,0.7281013380006698,5,False
2285,000000263679.jpg,0.7453704350000407,3,False
2286,000000263796.jpg,0.7314686579993577,1,False
2287,000000263860.jpg,0.7460362100000566,2,False
2288,000000263966.jpg,0.7249219630002699,2,False
2289,000000263969.jpg,0.7446257909996348,4,False
2290,000000264335.jpg,0.7241210769998361,1,False
2292,000000264535.jpg,0.7278250260005734,4,False
2293,000000264968.jpg,0.7247435760000371,6,False
2294,000000265108.jpg,0.7417224130003888,2,False
2295,000000265518.jpg,0.7269985110006019,3,False
2297,000000265816.jpg,0.7212067390000811,3,False
2299,000000266206.jpg,0.7413290089998554,0,False
2301,000000266409.jpg,0.7317825670006641,2,False
2302,000000266768.jpg,0.7305202200004715,11,False
2304,000000266981.jpg,0.7198952090002422,9,False
2305,000000267169.jpg,0.7259826100007558,3,False
2307,000000267300.jpg,0.7267370330000631,2,False
2309,000000267434.jpg,0.722944772000119,7,False
2311,000000267670.jpg,0.7460066400008145,2,False
2313,000000267933.jpg,0.736727270999836,8,False
2315,000000267946.jpg,0.7206890779998503,0,False
2317,000000268375.jpg,0.7258273170000393,5,False
2319,000000268729.jpg,0.737128673999905,5,False
2320,000000268831.jpg,0.7182559269995181,1,False
2322,000000269113.jpg,0.7209369789998163,3,False
2324,000000269196.jpg,0.7274104400003125,6,False
2325,000000269314.jpg,0.7248395659999005,0,False
2326,000000269316.jpg,0.7316498139998657,5,False
2327,000000269632.jpg,0.7241215330004707,6,False
2328,000000269682.jpg,0.7458292869996512,5,False
2329,000000269866.jpg,0.726156794000417,1,False
2330,000000269932.jpg,0.7311592329997438,2,False
2331,000000269942.jpg,0.7269589119996454,5,False
2333,000000270122.jpg,0.7269018540000616,1,False
2335,000000270297.jpg,0.7371829419998903,2,False
2336,000000270386.jpg,0.7278656210000918,0,False
2338,000000270474.jpg,0.7202191229998789,2,False
2340,000000270705.jpg,0.7239786899999672,1,False
2341,000000270883.jpg,0.7300028119998387,1,False
2342,000000270908.jpg,0.740877995000119,2,False
2344,000000271402.jpg,0.7413966180001808,4,False
2345,000000271457.jpg,0.7227687739996327,1,False
2347,000000271728.jpg,0.7280082749994108,6,False
2348,000000271997.jpg,0.7231900690003386,2,False
2349,000000272049.jpg,0.7314344710002842,1,False
2350,000000272136.jpg,0.7263618569995742,2,False
2351,000000272148.jpg,0.7297244250003132,4,False
2353,000000272364.jpg,0.7367801609998423,3,False
2355,000000272566.jpg,0.7332977080004639,4,False
2356,000000273132.jpg,0.7267358310000418,2,False
2357,000000273198.jpg,0.7217281479997837,5,False
2358,000000273232.jpg,0.7304338570002074,6,False
2359,000000273420.jpg,0.726289197999904,3,False
2360,000000273493.jpg,0.729183465999995,3,False
2362,000000273617.jpg,0.739661352999974,1,False
2364,000000273711.jpg,0.7239042629998949,9,False
2365,000000273712.jpg,0.7356082240003161,1,False
2366,000000273715.jpg,0.7254967640001269,5,False
2368,000000274066.jpg,0.72100003200012,6,False
2369,000000274219.jpg,0.7364837969998916,2,False
2370,000000274272.jpg,0.7242069320000155,3,False
2371,000000274411.jpg,0.7427698920000694,4,False
2373,000000274687.jpg,0.7303178969996225,1,False
2375,000000275058.jpg,0.7238078700002006,2,False
2376,000000275198.jpg,0.7386410489998525,17,False
2377,000000275392.jpg,0.7324734179992447,2,False
2378,000000275727.jpg,0.7418439100001706,2,False
2379,000000275749.jpg,0.7273393830000714,12,False
2381,000000276018.jpg,0.7326047610004025,8,False
2383,000000276055.jpg,0.7378640820006694,4,False
2385,000000276285.jpg,0.7316475309999078,9,False
2387,000000276707.jpg,0.7288472079999337,2,False
2389,000000276804.jpg,0.7225443369998175,6,False
2391,000000277005.jpg,0.7278906210003697,10,False
2393,000000277051.jpg,0.739264175000244,5,False
2394,000000277197.jpg,0.7313078690003749,6,False
2395,000000277584.jpg,0.7423219600004813,1,False
2397,000000278006.jpg,0.7203489690000424,0,False
2399,000000278463.jpg,0.7242303299999548,5,False
2401,000000278749.jpg,0.7218496239993328,9,False
2403,000000278973.jpg,0.7434677949995603,2,False
2405,000000279278.jpg,0.7345848630002365,13,False
2407,000000279714.jpg,0.7265018349999082,1,False
2408,000000279730.jpg,0.7420604240005559,5,False
2410,000000279774.jpg,0.748988530999668,6,False
2412,000000279927.jpg,0.7261233010003707,6,False
2414,000000280710.jpg,0.7280797520006672,12,False
2416,000000280891.jpg,0.7307698129998244,9,False
2418,000000280930.jpg,0.7338878269993074,2,False
2420,000000281179.jpg,0.7425932859996465,1,False
2422,000000281414.jpg,0.7290907449996666,3,False
2424,000000281687.jpg,0.7212596589997702,10,False
2425,000000281693.jpg,0.7532607209996058,3,False
2426,000000281754.jpg,0.7247647970007165,3,False
2427,000000281759.jpg,0.7435745150005459,11,False
2428,000000281929.jpg,0.7241232890000902,2,False
2430,000000282046.jpg,0.7351157269995383,1,False
2431,000000282296.jpg,0.7271621119998599,3,False
2433,000000282912.jpg,0.7276464679998753,1,False
2434,000000283037.jpg,0.7438938140003302,2,False
2435,000000283038.jpg,0.7245756810007151,3,False
2437,000000283113.jpg,0.7313196429995514,3,False
2439,000000283318.jpg,0.7385727219998444,3,False
2440,000000283412.jpg,0.7249616920007611,3,False
2441,000000283520.jpg,0.7373646919995736,3,False
2443,000000283785.jpg,0.7250645140002234,4,False
2444,000000284106.jpg,0.7485267950005436,4,False
2445,000000284279.jpg,0.7259721660002469,1,False
2446,000000284282.jpg,0.7365603529997315,0,False
2448,000000284445.jpg,0.7459038609995332,14,False
2449,000000284623.jpg,0.7288903300004677,2,False
2450,000000284698.jpg,0.743851025999902,2,False
2451,000000284725.jpg,0.7277560689999518,4,False
2452,000000284743.jpg,0.7447449579995009,4,False
2453,000000284762.jpg,0.7591994790000172,1,False
2454,000000284764.jpg,0.741840572000001,2,False
2455,000000284991.jpg,0.7211868439999307,1,False
2457,000000285349.jpg,0.7312632189996293,0,False
2459,000000285894.jpg,0.7403063800002201,5,False
2461,000000286422.jpg,0.7238971180004228,3,False
2462,000000286458.jpg,0.7387936229997649,2,False
2463,000000286503.jpg,0.731084832000306,3,False
2464,000000286507.jpg,0.7423237759994663,1,False
2465,000000286523.jpg,0.7256847149992609,2,False
2466,000000286553.jpg,0.74160310499974,8,False
2467,000000286660.jpg,0.7254006040002423,2,False
2468,000000286708.jpg,0.741530197999964,1,False
2469,000000286849.jpg,0.7241575919997558,3,False
2471,000000286908.jpg,0.7267429240000638,21,False
2472,000000286994.jpg,0.7433139369995843,9,False
2473,000000287291.jpg,0.728453747000458,9,False
2475,000000287527.jpg,0.7396799600001032,1,False
2477,000000287649.jpg,0.7350179069999285,2,False
2479,000000287714.jpg,0.7309021930004747,3,False
2480,000000287874.jpg,0.7705872460001046,3,False
2481,000000287959.jpg,0.7263831009995556,1,False
2482,000000288042.jpg,0.7376814569997805,2,False
2484,000000288391.jpg,0.7389571370003978,1,False
2486,000000288584.jpg,0.7255726180001147,12,False
2488,000000288762.jpg,0.7246946840004966,3,False
2489,000000288862.jpg,0.7458517229997597,3,False
2490,000000288882.jpg,0.7212898269999641,2,False
2492,000000289222.jpg,0.7202530419999675,5,False
2494,000000289343.jpg,0.7433690959996966,3,False
2496,000000289415.jpg,0.7418549449994316,8,False
2498,000000289516.jpg,0.7166188339997461,2,False
2499,000000289586.jpg,0.7414607110003999,1,False
2502,000000289702.jpg,0.7260024009992776,2,False
2504,000000289938.jpg,0.7422811460000958,4,False
2506,000000289992.jpg,0.7408752789997379,1,False
2508,000000290163.jpg,0.7252529659999709,7,False
2510,000000290248.jpg,0.7243928340003549,18,False
2511,000000290293.jpg,0.7349737410004309,2,False
2513,000000290619.jpg,0.720558772000004,2,False
2515,000000290771.jpg,0.7215772159997869,5,False
2517,000000290843.jpg,0.7262640099997952,3,False
2518,000000291490.jpg,0.7228697000000466,2,False
2519,000000291551.jpg,0.7409114500005671,4,False
2520,000000291619.jpg,0.7281526169999779,3,False
2521,000000291634.jpg,0.7693936429996029,9,False
2522,000000291664.jpg,0.7249195500007772,2,False
2523,000000291791.jpg,0.7418268820001686,2,False
2524,000000291861.jpg,0.7263616310001453,1,False
2525,000000292005.jpg,0.7413692890004313,4,False
2526,000000292024.jpg,0.7254891379998298,4,False
2527,000000292060.jpg,0.7414212149997184,4,False
2528,000000292082.jpg,0.7284340139995038,4,False
2529,000000292155.jpg,0.7389373639998666,2,False
2530,000000292225.jpg,0.724986006999643,2,False
2531,000000292236.jpg,0.740098880000005,6,False
2533,000000292415.jpg,0.74170383100045,1,False
2534,000000292446.jpg,0.7260883480003031,10,False
2535,000000292456.jpg,0.7403723369998261,3,False
2537,000000292908.jpg,0.729064809999727,2,False
2539,000000293044.jpg,0.7227375100001154,4,False
2540,000000293071.jpg,0.7425237130000824,4,False
2542,000000293245.jpg,0.7249855959998968,2,False
2544,000000293324.jpg,0.7230185029993663,2,False
2546,000000293474.jpg,0.732594080999661,3,False
2547,000000293625.jpg,0.7253574189999199,3,False
2548,000000293794.jpg,0.7444793300001038,11,False
2549,000000293804.jpg,0.7244872250003027,3,False
2550,000000293858.jpg,0.7393360710002526,6,False
2552,000000294163.jpg,0.7460390310006915,2,False
2553,000000294350.jpg,0.7247134399995048,6,False
2554,000000294695.jpg,0.7493352080000477,5,False
2556,000000294831.jpg,0.7215683499998704,4,False
2558,000000295138.jpg,0.7202391749997332,3,False
2560,000000295316.jpg,0.724671928999669,3,False
2561,000000295420.jpg,0.7234484810005597,5,False
2562,000000295478.jpg,0.7327141670002675,2,False
2563,000000295713.jpg,0.7251226170001246,10,False
2565,000000295809.jpg,0.723627000000306,7,False
2567,000000296224.jpg,0.7208920590001071,2,False
2569,000000296284.jpg,0.7442498590007744,2,False
2570,000000296317.jpg,0.7321415300002627,3,False
2572,000000296649.jpg,0.7235937169998579,11,False
2574,000000296969.jpg,0.7460077620007723,6,False
2576,000000297084.jpg,0.7459520040001735,14,False
2578,000000297147.jpg,0.7253209499995137,3,False
2580,000000297353.jpg,0.7243247810001776,4,False
2582,000000297427.jpg,0.7264535670001351,3,False
2584,000000297578.jpg,0.7431965010000567,5,False
2586,000000297681.jpg,0.7436817080006222,1,False
2588,000000297830.jpg,0.7250757600004363,2,False
2589,000000298251.jpg,0.7264081240000451,5,False
2591,000000298697.jpg,0.7389903429993865,0,False
2593,000000298904.jpg,0.7211919490000582,1,False
2595,000000299355.jpg,0.7232514109991826,1,False
2597,000000299609.jpg,0.7239306539995596,1,False
2599,000000299887.jpg,0.7417356030000519,3,False
2600,000000300039.jpg,0.7296492149998812,8,False
2601,000000300155.jpg,0.7488789429999088,1,False
2603,000000300276.jpg,0.7408892119992743,11,False
2604,000000300341.jpg,0.7250973969994448,9,False
2605,000000300659.jpg,0.739726124000299,7,False
2607,000000300913.jpg,0.7242340539996803,1,False
2609,000000301135.jpg,0.7340558169998985,14,False
2610,000000301376.jpg,0.7478687420007191,9,False
2612,000000301563.jpg,0.7498890589995426,3,False
2613,000000301718.jpg,0.7454287639993709,8,False
2614,000000301867.jpg,0.726301734000117,6,False
2615,000000301981.jpg,0.7371151389997976,1,False
2616,000000302030.jpg,0.7229478380004366,3,False
2617,000000302107.jpg,0.7457868110004711,5,False
2618,000000302165.jpg,0.7342027980002968,5,False
2619,000000302452.jpg,0.7352071979994435,6,False
2621,000000302760.jpg,0.7340183989999787,3,False
2622,000000302882.jpg,0.7249277910004821,1,False
2623,000000302990.jpg,0.7478234549998888,4,False
2624,000000303305.jpg,0.7244682689997717,2,False
2625,000000303499.jpg,0.7414347379999526,5,False
2627,000000303653.jpg,0.71858204199998,6,False
2628,000000303713.jpg,0.7380640869996569,7,False
2629,000000303818.jpg,0.7211267279999447,10,False
2630,000000303863.jpg,0.7380540359999941,3,False
2631,000000303893.jpg,0.7206663670003763,2,False
2632,000000303908.jpg,0.738763676000417,2,False
2633,000000304180.jpg,0.7210460430005696,4,False
2634,000000304291.jpg,0.7302944969997043,1,False
2635,000000304365.jpg,0.7235740020005323,2,False
2637,000000304404.jpg,0.7353560980000111,16,False
2638,000000304545.jpg,0.7226559649998308,1,False
2639,000000304560.jpg,0.7339811219999319,1,False
2641,000000304817.jpg,0.7472504570005185,1,False
2642,000000304984.jpg,0.7203089010008625,5,False
2644,000000305317.jpg,0.7296480370005156,3,False
2646,000000305609.jpg,0.7498618469999201,3,False
2647,000000305695.jpg,0.7286524709998048,5,False
2648,000000306136.jpg,0.7416303849995529,2,False
2649,000000306139.jpg,0.7251189229991724,20,False
2651,000000306582.jpg,0.7202271129999644,0,False
2652,000000306700.jpg,0.7173451689996,3,False
2654,000000306893.jpg,0.7537309469998945,6,False
2655,000000307074.jpg,0.7331231629996182,6,False
2656,000000307145.jpg,0.717559844999414,2,False
2657,000000307172.jpg,0.7311981329994524,3,False
2658,000000307598.jpg,0.7201450259999547,1,False
2659,000000307658.jpg,0.7426409500003501,1,False
2660,000000308165.jpg,0.7193496929994581,2,False
2661,000000308193.jpg,0.7396693010005038,1,False
2663,000000308391.jpg,0.7213388909995047,0,False
2665,000000308430.jpg,0.7557341490000908,3,False
2667,000000308476.jpg,0.7197634789999938,1,False
2669,000000308545.jpg,0.7411740310008099,5,False
2670,000000308587.jpg,0.7276324039994506,5,False
2672,000000308753.jpg,0.7299761909998779,1,False
2674,000000308799.jpg,0.7376474420007071,2,False
2675,000000309173.jpg,0.7254502929999944,1,False
2677,000000309452.jpg,0.7292860689994995,1,False
2679,000000309484.jpg,0.7368438289995538,2,False
2680,000000309495.jpg,0.7272621839993008,1,False
2681,000000309655.jpg,0.7446268040002906,11,False
2683,000000309938.jpg,0.7403534570003103,2,False
2684,000000309964.jpg,0.7224417870002071,3,False
2685,000000310072.jpg,0.7423128840000572,4,False
2686,000000310200.jpg,0.7246175720001702,4,False
2687,000000310622.jpg,0.7429877260001376,0,False
2689,000000310980.jpg,0.7189277359993866,2,False
2690,000000311002.jpg,0.742076902000008,7,False
2692,000000311180.jpg,0.7445893780004553,1,False
2694,000000311295.jpg,0.724407940000674,5,False
2695,000000311303.jpg,0.7368081109998457,5,False
2696,000000311392.jpg,0.7297009690000777,3,False
2697,000000311394.jpg,0.7644874990000972,2,False
2698,000000311518.jpg,0.7250309250002829,1,False
2699,000000311789.jpg,0.7398238149999088,2,False
2701,000000311909.jpg,0.7414504770003987,1,False
2703,000000311950.jpg,0.7298370019998401,1,False
2705,000000312213.jpg,0.7221655909997935,2,False
2706,000000312237.jpg,0.7391804310000225,1,False
2708,000000312278.jpg,0.7402396599991334,0,False
2710,000000312406.jpg,0.727329022000049,3,False
2711,000000312421.jpg,0.7448217029996158,8,False
2712,000000312489.jpg,0.7315904089991818,3,False
2713,000000312549.jpg,0.7629539599993223,0,False
2714,000000312552.jpg,0.7264772999997149,2,False
2715,000000312586.jpg,0.7507421509999403,3,False
2717,000000313034.jpg,0.7463393080006426,3,False
2719,000000313182.jpg,0.7274916420001318,5,False
2721,000000313562.jpg,0.7227254460003678,2,False
2723,000000313783.jpg,0.7275657419995696,4,False
2724,000000314034.jpg,0.7306645339995157,14,False
2725,000000314177.jpg,0.7389200210000126,1,False
2726,000000314182.jpg,0.7213724460007143,10,False
2728,000000314264.jpg,0.7690548679993299,2,False
2730,000000314541.jpg,0.7291919360004613,1,False
2731,000000314709.jpg,0.7250196040004084,2,False
2732,000000314914.jpg,0.7360739129999274,1,False
2733,000000315001.jpg,0.725547796999308,4,False
2734,000000315187.jpg,0.7407487899999978,3,False
2735,000000315219.jpg,0.7238375309998446,0,False
2737,000000315450.jpg,0.7287375840005552,6,False
2739,000000316015.jpg,0.7495460509999248,5,False
2741,000000316404.jpg,0.7400193819994456,4,False
2743,000000317024.jpg,0.7605757700002869,1,False
2744,000000317433.jpg,0.7259495110001808,3,False
2745,000000317999.jpg,0.7460653799998909,1,False
2746,000000318080.jpg,0.725114329000462,2,False
2747,000000318114.jpg,0.7231331479997607,5,False
2749,000000318238.jpg,0.7277921490003791,3,False
2750,000000318455.jpg,0.7417508449998422,19,False
2751,000000318908.jpg,0.7231150709994836,1,False
2752,000000319100.jpg,0.741384582000137,4,False
2753,000000319184.jpg,0.719927648000521,9,False
2754,000000319369.jpg,0.7400040219999937,8,False
2755,000000319534.jpg,0.7243320709994805,4,False
2757,000000319617.jpg,0.7395331730003818,4,False
2758,000000319696.jpg,0.7317414869994536,3,False
2759,000000319721.jpg,0.7389547800003129,3,False
2760,000000319935.jpg,0.7266827140001624,8,False
2762,000000320425.jpg,0.7278201839999383,6,False
2764,000000320554.jpg,0.7324265190000006,2,False
2766,000000320642.jpg,0.7341896559992165,6,False
2768,000000320696.jpg,0.7431245090001539,2,False
2770,000000320743.jpg,0.7247184210000341,17,False
2771,000000321118.jpg,0.7679851599996255,3,False
2772,000000321214.jpg,0.726286312999946,2,False
2773,000000321333.jpg,0.7375168210000993,3,False
2775,000000321790.jpg,0.7438316959996882,2,False
2776,000000321887.jpg,0.7277248870004769,2,False
2777,000000322163.jpg,0.7492271740002252,9,False
2778,000000322211.jpg,0.7206778899999335,5,False
2780,000000322429.jpg,0.7372118410003168,9,False
2782,000000322610.jpg,0.746332263000113,18,False
2783,000000322724.jpg,0.7254401049995067,3,False
2784,000000322829.jpg,0.7491234440003609,1,False
2785,000000322844.jpg,0.7303739489998406,1,False
2786,000000322864.jpg,0.7411057310000615,8,False
2787,000000322895.jpg,0.7309926750003797,8,False
2788,000000322944.jpg,0.7379080390001036,1,False
2790,000000322968.jpg,0.7287890719999268,2,False
2791,000000323151.jpg,0.74527945599948,4,False
2792,000000323202.jpg,0.7629160199994658,2,False
2793,000000323263.jpg,0.7421124299999065,4,False
2794,000000323355.jpg,0.7327515650003988,3,False
2795,000000323496.jpg,0.7412945249998302,10,False
2796,000000323571.jpg,0.7293609880007352,3,False
2797,000000323709.jpg,0.7401652329999706,1,False
2798,000000323751.jpg,0.7262381310001729,3,False
2799,000000323799.jpg,0.7448083240005872,13,False
2800,000000323828.jpg,0.725376573000176,1,False
2802,000000324158.jpg,0.7289825170000768,5,False
2804,000000324614.jpg,0.7404270249999172,3,False
2805,000000324715.jpg,0.7211430430006658,3,False
2806,000000324818.jpg,0.7374640110001565,2,False
2807,000000324927.jpg,0.7251944219997313,4,False
2808,000000325031.jpg,0.7393132899996999,2,False
2809,000000325114.jpg,0.7254429180002262,2,False
2810,000000325306.jpg,0.7417304970003897,1,False
2811,000000325347.jpg,0.719616927000061,5,False
2812,000000325483.jpg,0.7425023729992972,6,False
2814,000000325838.jpg,0.7243242639997334,8,False
2815,000000325991.jpg,0.7298076229999424,2,False
2816,000000326082.jpg,0.728979352999886,9,False
2818,000000326174.jpg,0.7255286829995384,10,False
2820,000000326462.jpg,0.724046115999954,1,False
2821,000000326541.jpg,0.7265484800000195,4,False
2823,000000326627.jpg,0.7247339770001417,4,False
2824,000000326970.jpg,0.7775610879998567,3,False
2826,000000327592.jpg,0.7382870799992816,3,False
2827,000000327601.jpg,0.7250013359998775,3,False
2828,000000327605.jpg,0.7385472209998625,1,False
2830,000000327701.jpg,0.7235770179995598,5,False
2832,000000327780.jpg,0.7206955490000837,2,False
2834,000000328030.jpg,0.7334473620003337,3,False
2836,000000328238.jpg,0.7392255730001125,4,False
2837,000000328286.jpg,0.7247643689997858,4,False
2838,000000328337.jpg,0.7401344260006226,2,False
2839,000000328430.jpg,0.7689252390000547,4,False
2840,000000328601.jpg,0.7479683989995465,3,False
2841,000000328683.jpg,0.7326954509999268,2,False
2842,000000328959.jpg,0.738170036000156,1,False
2844,000000329080.jpg,0.7262097240000003,2,False
2845,000000329219.jpg,0.7359808729997894,4,False
2847,000000329323.jpg,0.7368245540001226,12,False
2849,000000329455.jpg,0.727485520999835,12,False
2850,000000329456.jpg,0.7286927450004441,5,False
2852,000000329614.jpg,0.7402910470000279,8,False
2854,000000330369.jpg,0.7367309010005556,1,False
2856,000000330554.jpg,0.7213204240006235,0,False
2857,000000330790.jpg,0.7444768229997862,4,False
2859,000000331075.jpg,0.7438167109994538,1,False
2860,000000331280.jpg,0.7228750799995396,9,False
2861,000000331317.jpg,0.7390350239993495,1,False
2863,000000331569.jpg,0.72162957799992,1,False
2864,000000331604.jpg,0.7367904650000128,2,False
2866,000000331817.jpg,0.7464689730004466,9,False
2868,000000332351.jpg,0.7245529259998875,10,False
2870,000000332570.jpg,0.7214439099998344,1,False
2872,000000332901.jpg,0.7305095010005971,4,False
2874,000000333237.jpg,0.7332714140002281,3,False
2875,000000333402.jpg,0.7240914069998325,4,False
2876,000000333697.jpg,0.7711235090000628,0,False
2877,000000333745.jpg,0.7250846980005008,3,False
2878,000000333772.jpg,0.7303422929999215,6,False
2879,000000333956.jpg,0.7246606100006829,1,False
2880,000000334006.jpg,0.7346805429997403,3,False
2881,000000334309.jpg,0.7288863599997057,4,False
2883,000000334399.jpg,0.7344382029996268,5,False
2884,000000334417.jpg,0.7256923710001502,2,False
2885,000000334483.jpg,0.744187446000069,8,False
2886,000000334521.jpg,0.7244672750002792,2,False
2887,000000334530.jpg,0.7347555400001511,2,False
2888,000000334555.jpg,0.7209050789997491,12,False
2889,000000334719.jpg,0.7445085049994304,7,False
2890,000000334767.jpg,0.722026772999925,5,False
2891,000000334977.jpg,0.7383008739998331,1,False
2893,000000335177.jpg,0.7375209250003536,3,False
2894,000000335328.jpg,0.7262082099996405,3,False
2895,000000335427.jpg,0.7393645319998541,3,False
2896,000000335450.jpg,0.7213557940003739,2,False
2897,000000335529.jpg,0.7435181020000527,1,False
2898,000000335658.jpg,0.7269255210003394,2,False
2900,000000335954.jpg,0.7368796710006791,2,False
2902,000000336209.jpg,0.7209414009994362,1,False
2904,000000336265.jpg,0.7309984760004227,2,False
2905,000000336309.jpg,0.7428615090002495,1,False
2906,000000336356.jpg,0.7264698079998197,12,False
2907,000000336587.jpg,0.7425564180002766,1,False
2908,000000336628.jpg,0.7299685939997289,4,False
2909,000000336658.jpg,0.7411160299998301,3,False
2910,000000337055.jpg,0.7270531389995085,2,False
2912,000000337987.jpg,0.7242753149994314,1,False
2914,000000338219.jpg,0.7369908250002482,6,False
2915,000000338304.jpg,0.7218108580000262,10,False
2916,000000338325.jpg,0.7408169720001752,1,False
2918,000000338532.jpg,0.7386853570005769,1,False
2920,000000338624.jpg,0.7232229750006809,12,False
2922,000000338718.jpg,0.7264884640007949,2,False
2924,000000338905.jpg,0.7596930990002875,15,False
2925,000000338986.jpg,0.7255255170002783,3,False
2926,000000339442.jpg,0.7370691369997076,2,False
2927,000000339823.jpg,0.7280941870003517,1,False
2928,000000339870.jpg,0.7403420720002032,3,False
2930,000000340175.jpg,0.739603394000369,4,False
2932,000000340451.jpg,0.72014536900042,2,False
2933,000000340697.jpg,0.736055710999608,15,False
2935,000000340930.jpg,0.7441261169997233,1,False
2937,000000341094.jpg,0.7363502429998334,0,False
2938,000000341196.jpg,0.7250324990000081,4,False
2939,000000341469.jpg,0.7242612579993875,6,False
2940,000000341681.jpg,0.718882446999487,3,False
2941,000000341719.jpg,0.7378105190000497,6,False
2942,000000341828.jpg,0.739792158000455,1,False
2943,000000341921.jpg,0.7210842980002781,2,False
2945,000000342006.jpg,0.7197781400000167,2,False
2947,000000342186.jpg,0.7213829160000387,1,False
2948,000000342295.jpg,0.726682943999549,2,False
2950,000000342397.jpg,0.7241870839998228,5,False
2952,000000343076.jpg,0.7208437749995937,1,False
2954,000000343218.jpg,0.7471657090000008,8,False
2956,000000343453.jpg,0.7669522739997774,1,False
2957,000000343466.jpg,0.719796530000167,2,False
2959,000000343524.jpg,0.740409042000465,2,False
2961,000000343706.jpg,0.7390547169998172,3,False
2963,000000343934.jpg,0.724477537999519,1,False
2964,000000343937.jpg,0.7416763129995161,1,False
2965,000000343976.jpg,0.7210558440001478,0,False
2966,000000344029.jpg,0.7380156610006452,5,False
2968,000000344100.jpg,0.7412995189997673,5,False
2970,000000344611.jpg,0.7244595570000456,0,False
2972,000000344621.jpg,0.7239806220004539,4,False
2974,000000344816.jpg,0.7272440879996793,1,False
2976,000000344909.jpg,0.7759789269994144,3,False
2978,000000345252.jpg,0.7383718359997147,4,False
2980,000000345356.jpg,0.7242997680004919,6,False
2982,000000345385.jpg,0.7192413479997413,1,False
2984,000000345466.jpg,0.726963316000365,7,False
2985,000000345469.jpg,0.7210588779998943,0,False
2986,000000345941.jpg,0.7295301169997401,2,False
2987,000000346232.jpg,0.7217002649995266,10,False
2988,000000346638.jpg,0.7284963660003996,4,False
2989,000000346703.jpg,0.7321437749997131,18,False
2990,000000346707.jpg,0.7319232080008078,1,False
2992,000000346968.jpg,0.7351811720000114,3,False
2994,000000347174.jpg,0.7203564269993876,1,False
2995,000000347254.jpg,0.7402607249996436,5,False
2996,000000347265.jpg,0.7334276349993161,1,False
2998,000000347370.jpg,0.723339995999595,1,False
2999,000000347456.jpg,0.7402121779996378,2,False
3001,000000347664.jpg,0.7317182180004238,12,False
3002,000000347693.jpg,0.7342305889997078,0,False
3003,000000347930.jpg,0.7255604150004729,3,False
3004,000000348012.jpg,0.7379774289993293,1,False
3006,000000348216.jpg,0.7335497909998594,3,False
3008,000000348481.jpg,0.7249214789999314,5,False
3010,000000348708.jpg,0.7220809999998892,2,False
3012,000000349152.jpg,0.7330073439998159,10,False
3014,000000349302.jpg,0.765873754000495,2,False
3016,000000349594.jpg,0.73837499199999,2,False
3018,000000349837.jpg,0.7235198280004624,5,False
3020,000000350002.jpg,0.7266586440000538,1,False
3022,000000350019.jpg,0.7266371940004319,2,False
3023,000000350023.jpg,0.7251782940002158,14,False
3024,000000350054.jpg,0.7231632170005469,4,False
3025,000000350122.jpg,0.7303017230005935,13,False
3026,000000350148.jpg,0.7414048339996953,11,False
3027,000000350388.jpg,0.7249100539993378,1,False
3028,000000350405.jpg,0.7266413460001786,3,False
3029,000000350488.jpg,0.7225456360001772,2,False
3030,000000350607.jpg,0.7434617070002787,1,False
3032,000000350833.jpg,0.7451195459998416,3,False
3034,000000351331.jpg,0.7204565269994418,2,False
3036,000000351530.jpg,0.7187964150007247,3,False
3038,000000351589.jpg,0.7248811849995036,1,False
3039,000000351609.jpg,0.7254125310000745,5,False
3041,000000351823.jpg,0.7174027370001568,2,False
3043,000000352582.jpg,0.7201317240005665,4,False
3045,000000352618.jpg,0.7300253439998414,3,False
3047,000000352760.jpg,0.7439403469998069,2,False
3049,000000353027.jpg,0.7446999009998763,3,False
3051,000000353096.jpg,0.7188692219997392,3,False
3053,000000353518.jpg,0.7284886799998276,2,False
3055,000000354072.jpg,0.761829487999421,3,False
3056,000000354307.jpg,0.7193350870002178,0,False
3057,000000354547.jpg,0.7399241720004284,2,False
3058,000000354753.jpg,0.7253204870003174,0,False
3059,000000354829.jpg,0.7358252039994113,0,False
3060,000000355169.jpg,0.7246066890002112,1,False
3061,000000355240.jpg,0.7381976930000747,1,False
3062,000000355257.jpg,0.7274310789998708,4,False
3064,000000355610.jpg,0.7389715270001034,2,False
3066,000000355817.jpg,0.7591773269996338,1,False
3068,000000356094.jpg,0.724231296000653,3,False
3069,000000356125.jpg,0.7304301900003338,3,False
3070,000000356169.jpg,0.7292647100002796,3,False
3071,000000356248.jpg,0.7404972510003063,12,False
3072,000000356261.jpg,0.7290533859995776,1,False
3073,000000356347.jpg,0.7383988070005216,2,False
3074,000000356387.jpg,0.7266876680005225,4,False
3075,000000356424.jpg,0.7394154460007485,8,False
3076,000000356427.jpg,0.7276269939993654,3,False
3077,000000356428.jpg,0.7355155109999032,4,False
3079,000000356498.jpg,0.7399362489995838,1,False
3080,000000356505.jpg,0.7180056660008631,2,False
3081,000000356531.jpg,0.7497667030002049,4,False
3083,000000356968.jpg,0.7245873199999551,1,False
3085,000000357081.jpg,0.7219172719997005,2,False
3087,000000357430.jpg,0.7290795979997711,1,False
3089,000000357501.jpg,0.7394801190002909,1,False
3091,000000357737.jpg,0.7448902689993702,5,False
3093,000000357748.jpg,0.7246121600001061,4,False
3095,000000357888.jpg,0.7258832380002787,3,False
3097,000000357941.jpg,0.7690088420004031,3,False
3099,000000358195.jpg,0.740235114000825,2,False
3100,000000358427.jpg,0.7291486839994832,1,False
3102,000000358923.jpg,0.7292556669999612,5,False
3104,000000359219.jpg,0.7413991069997792,3,False
3106,000000359677.jpg,0.7374435940000694,2,False
3107,000000359781.jpg,0.727740735000225,1,False
3108,000000359833.jpg,0.7368127189993174,3,False
3109,000000359855.jpg,0.7260207279996393,0,False
3111,000000360097.jpg,0.74167765600032,2,False
3112,000000360137.jpg,0.7496832110000469,3,False
3113,000000360325.jpg,0.7443992150001577,5,False
3115,000000360564.jpg,0.7406910299996525,2,False
3117,000000360943.jpg,0.7198827159991197,1,False
3119,000000360960.jpg,0.719118711000192,6,False
3120,000000361103.jpg,0.7506240450002224,12,False
3121,000000361142.jpg,0.730960992999826,6,False
3122,000000361147.jpg,0.7418233970001893,9,False
3123,000000361180.jpg,0.7202902609997182,1,False
3124,000000361238.jpg,0.7412226890000966,6,False
3126,000000361506.jpg,0.7266090819994133,2,False
3128,000000361571.jpg,0.751929318999828,1,False
3129,000000361586.jpg,0.7467395439998654,12,False
3130,000000361621.jpg,0.7247008560007089,1,False
3131,000000361730.jpg,0.7348576410004171,13,False
3133,000000362434.jpg,0.718723573000716,1,False
3134,000000362520.jpg,0.7368919690006805,2,False
3135,000000362682.jpg,0.7240053180003088,4,False
3137,000000363072.jpg,0.7239392090004912,1,False
3138,000000363188.jpg,0.7605497539998396,6,False
3140,000000363461.jpg,0.734421029999794,7,False
3142,000000363784.jpg,0.7267004879995511,1,False
3143,000000363840.jpg,0.7433773510001629,7,False
3144,000000363875.jpg,0.7281112880000364,2,False
3145,000000364102.jpg,0.736274844000036,2,False
3147,000000364166.jpg,0.7201248290002695,2,False
3148,000000364297.jpg,0.7372451290002573,3,False
3149,000000364322.jpg,0.7230770879996271,15,False
3150,000000364557.jpg,0.729554296999595,4,False
3151,000000364587.jpg,0.7195365859997764,1,False
3153,000000364884.jpg,0.7232024790000651,2,False
3155,000000365098.jpg,0.7651606939998601,1,False
3157,000000365208.jpg,0.7396924360000412,2,False
3158,000000365385.jpg,0.7213765060005244,1,False
3160,000000365521.jpg,0.7216402049998578,9,False
3162,000000365655.jpg,0.7377332589994694,2,False
3164,000000365766.jpg,0.7340511789998345,3,False
3165,000000365886.jpg,0.7193070330004048,2,False
3166,000000366141.jpg,0.7390651139994588,4,False
3167,000000366178.jpg,0.7245512419995066,3,False
3168,000000366199.jpg,0.735959663000358,1,False
3170,000000366611.jpg,0.7197557529998448,3,False
3172,000000366884.jpg,0.7202866889992947,4,False
3174,000000367095.jpg,0.7358270849999826,16,False
3175,000000367195.jpg,0.7149559279996538,1,False
3176,000000367228.jpg,0.7398412559996359,2,False
3177,000000367386.jpg,0.7228509540000232,5,False
3178,000000367569.jpg,0.7413949239999056,1,False
3179,000000367680.jpg,0.7215818829999989,7,False
3180,000000367818.jpg,0.7407268829992972,2,False
3181,000000368038.jpg,0.7496468179997464,1,False
3182,000000368212.jpg,0.7397121229996628,3,False
3183,000000368294.jpg,0.7167724760001875,1,False
3184,000000368335.jpg,0.7356165910005075,5,False
3185,000000368456.jpg,0.719944991000375,1,False
3186,000000368684.jpg,0.7494795530001284,3,False
3187,000000368752.jpg,0.7217569340000409,6,False
3188,000000368900.jpg,0.7391308850001224,1,False
3189,000000368940.jpg,0.7233621370005494,1,False
3191,000000368982.jpg,0.7377134219996151,1,False
3193,000000369081.jpg,0.7318020370003069,3,False
3195,000000369323.jpg,0.7193084259997704,4,False
3196,000000369370.jpg,0.7310448049993283,5,False
3197,000000369442.jpg,0.7233428190002087,14,False
3198,000000369503.jpg,0.7329285059995527,2,False
3200,000000369675.jpg,0.7419807880005465,3,False
3201,000000369751.jpg,0.7238943309994283,7,False
3202,000000369757.jpg,0.7428354840003522,7,False
3203,000000369771.jpg,0.7625688309999532,6,False
3204,000000369812.jpg,0.7430097639999076,7,False
3205,000000370042.jpg,0.7298811470000146,10,False
3206,000000370208.jpg,0.7416601560007621,4,False
3207,000000370270.jpg,0.7324132459998509,4,False
3208,000000370375.jpg,0.7475851540002623,2,False
3209,000000370478.jpg,0.7262569810000059,3,False
3211,000000370677.jpg,0.7370161469998493,5,False
3213,000000370813.jpg,0.7725380910005697,2,False
3215,000000370900.jpg,0.7438222159998986,3,False
3216,000000370999.jpg,0.7296694639999259,5,False
3218,000000371472.jpg,0.7410966759998701,1,False
3220,000000371552.jpg,0.7454574109997338,7,False
3221,000000371677.jpg,0.7268483099996956,7,False
3222,000000371699.jpg,0.7421106070005408,4,False
3223,000000371749.jpg,0.7227429430004122,6,False
3224,000000372203.jpg,0.7399411579999651,2,False
3226,000000372307.jpg,0.7216674179999245,1,False
3228,000000372349.jpg,0.726024094999957,2,False
3229,000000372466.jpg,0.7371559480006908,4,False
3231,000000372718.jpg,0.7242510969999785,1,False
3233,000000373315.jpg,0.7220987880000393,2,False
3235,000000373382.jpg,0.7532663869997123,6,False
3236,000000373705.jpg,0.722389113000645,5,False
3237,000000374052.jpg,0.7353806470000563,15,False
3239,000000374369.jpg,0.7332802430000811,2,False
3240,000000374545.jpg,0.7228005320002922,3,False
3241,000000374551.jpg,0.7535601629997473,1,False
3243,000000374982.jpg,0.7297557149995555,6,False
3244,000000375015.jpg,0.7270227889994203,1,False
3246,000000375278.jpg,0.7376460870000301,4,False
3247,000000375430.jpg,0.7219587409999804,3,False
3248,000000375469.jpg,0.7541661490004117,3,False
3250,000000375763.jpg,0.7368108359996768,8,False
3251,000000376093.jpg,0.7320109940001203,10,False
3253,000000376206.jpg,0.7426716810005018,2,False
3255,000000376278.jpg,0.7473350209993441,3,False
3256,000000376284.jpg,0.7254081829996721,7,False
3258,000000376310.jpg,0.7379028819996165,3,False
3260,000000376365.jpg,0.7434102289998918,2,False
3262,000000376478.jpg,0.7241192909996244,1,False
3264,000000376856.jpg,0.7236688639995918,1,False
3266,000000377000.jpg,0.7250115619999633,1,False
3267,000000377113.jpg,0.7229449420001401,5,False
3268,000000377239.jpg,0.7224004319996311,6,False
3269,000000377368.jpg,0.7245404799996322,6,False
3270,000000377393.jpg,0.7344328890003453,2,False
3271,000000377486.jpg,0.7274976109993077,4,False
3273,000000377575.jpg,0.7234636940002019,2,False
3275,000000377635.jpg,0.7342742120008552,3,False
3277,000000377723.jpg,0.7429771469996922,11,False
3279,000000377882.jpg,0.7334444489997622,0,False
3281,000000378099.jpg,0.7209667150000314,2,False
3282,000000378116.jpg,0.7340899350001564,2,False
3284,000000378244.jpg,0.7421182309999494,1,False
3285,000000378284.jpg,0.7245249050001803,3,False
3286,000000378453.jpg,0.7394114910002827,8,False
3288,000000378515.jpg,0.7217202869996981,8,False
3289,000000378605.jpg,0.743129881000641,2,False
3290,000000378673.jpg,0.7196804450004493,6,False
3291,000000378873.jpg,0.7401161819998379,6,False
3292,000000379332.jpg,0.7226167069993608,4,False
3293,000000379441.jpg,0.7397653740008536,3,False
3295,000000379476.jpg,0.7397648480000498,6,False
3297,000000379800.jpg,0.7246909239993329,4,False
3299,000000380203.jpg,0.7220740419998037,1,False
3300,000000380706.jpg,0.7360836400002881,7,False
3302,000000380913.jpg,0.7228461909999169,7,False
3304,000000381587.jpg,0.7267782429998988,26,False
3306,000000381971.jpg,0.7288387090002288,6,False
3307,000000382009.jpg,0.7271465829999215,3,False
3308,000000382030.jpg,0.7368578659998093,1,False
3310,000000382111.jpg,0.7292475670001295,7,False
3312,000000382125.jpg,0.7241688089998206,15,False
3314,000000382734.jpg,0.7229115939990152,0,False
3315,000000382743.jpg,0.7398452300003555,3,False
3316,000000383289.jpg,0.7278238850012713,3,False
3317,000000383337.jpg,0.738951781000651,4,False
3318,000000383339.jpg,0.7209366610004508,1,False
3320,000000383386.jpg,0.7230090700013534,4,False
3322,000000383606.jpg,0.7462391709996155,2,False
3324,000000383676.jpg,0.7446311330004391,2,False
3326,000000383842.jpg,0.724305813000683,12,False
3328,000000384136.jpg,0.7186493370008975,1,False
3329,000000384350.jpg,0.7385748849992524,2,False
3330,000000384468.jpg,0.7205183450005279,5,False
3332,000000384527.jpg,0.7437091419997159,10,False
3333,000000384616.jpg,0.7276079210005264,1,False
3334,000000384651.jpg,0.7702889550000691,1,False
3335,000000384661.jpg,0.7269845440005156,4,False
3336,000000384666.jpg,0.7383779310002865,6,False
3337,000000384670.jpg,0.7274483350010996,3,False
3339,000000384850.jpg,0.7212343030005286,1,False
3340,000000384949.jpg,0.7433997369989811,2,False
3341,000000385029.jpg,0.7296447919998172,10,False
3342,000000385190.jpg,0.7330532790001598,2,False
3343,000000385205.jpg,0.730084895998516,2,False
3344,000000385719.jpg,0.7367057659994316,6,False
3346,000000386134.jpg,0.7248086660001718,0,False
3348,000000386277.jpg,0.7217097619995911,2,False
3350,000000386457.jpg,0.7333915039998828,1,False
3351,000000386879.jpg,0.7257726030002232,2,False
3352,000000386912.jpg,0.7376980780009035,4,False
3353,000000387098.jpg,0.7282748979996541,8,False
3354,000000387148.jpg,0.7369752510003309,4,False
3355,000000387383.jpg,0.7616613919999509,4,False
3357,000000387916.jpg,0.7210885109998344,11,False
3358,000000388056.jpg,0.7395801540005777,10,False
3360,000000388258.jpg,0.7268367510005191,3,False
3362,000000388903.jpg,0.7217233690007561,4,False
3364,000000389109.jpg,0.7331650109990733,9,False
3366,000000389315.jpg,0.7434492579996004,2,False
3367,000000389316.jpg,0.7186285199986742,3,False
3368,000000389381.jpg,0.7434072910000395,3,False
3369,000000389451.jpg,0.7239266079996014,8,False
3371,000000389566.jpg,0.7236203120010032,9,False
3372,000000389684.jpg,0.7280661770000734,2,False
3373,000000389804.jpg,0.7365039849992172,2,False
3374,000000389812.jpg,0.7304917159999604,2,False
3375,000000389933.jpg,0.7438461700003245,1,False
3376,000000390246.jpg,0.72561405200031,2,False
3378,000000390555.jpg,0.7217036169986386,17,False
3379,000000390826.jpg,0.7384300850008003,1,False
3380,000000390902.jpg,0.7245047300002625,3,False
3382,000000391144.jpg,0.736192756001401,5,False
3384,000000391375.jpg,0.7348662370004604,2,False
3386,000000391722.jpg,0.7492219659998227,8,False
3387,000000392228.jpg,0.7261816149984952,1,False
3388,000000392481.jpg,0.7306902349992015,1,False
3390,000000392818.jpg,0.7268497220011341,1,False
3392,000000393014.jpg,0.7284752830000798,1,False
3394,000000393093.jpg,0.7374936390006042,7,False
3396,000000393226.jpg,0.7437401919996773,7,False
3398,000000393469.jpg,0.7274639449988172,2,False
3399,000000393569.jpg,0.7326253989995166,4,False
3401,000000394199.jpg,0.7425769120000041,2,False
3402,000000394206.jpg,0.7279779910004436,8,False
3403,000000394275.jpg,0.731183415000487,4,False
3404,000000394328.jpg,0.724313909000557,1,False
3405,000000394510.jpg,0.7365987030007091,6,False
3406,000000394559.jpg,0.7236619369996333,2,False
3407,000000394611.jpg,0.7306220560003567,2,False
3408,000000394677.jpg,0.7221438110009331,5,False
3409,000000394940.jpg,0.7334197020009015,3,False
3410,000000395180.jpg,0.724304781999308,3,False
3411,000000395343.jpg,0.7361746319984377,3,False
3412,000000395388.jpg,0.7223007259999576,6,False
3413,000000395575.jpg,0.7175393289999192,0,False
3414,000000395633.jpg,0.7269807259999652,1,False
3415,000000395701.jpg,0.7219592270012072,4,False
3416,000000395801.jpg,0.7392638979999901,7,False
3417,000000395903.jpg,0.7199425519993383,2,False
3419,000000396205.jpg,0.7230306780002138,2,False
3421,000000396338.jpg,0.7263094740010274,6,False
3422,000000396518.jpg,0.7197184649994597,1,False
3423,000000396526.jpg,0.7381457520004915,5,False
3425,000000396580.jpg,0.7430721939999785,1,False
3426,000000396729.jpg,0.7198220880000008,3,False
3428,000000396903.jpg,0.727677095999752,1,False
3430,000000397279.jpg,0.7419893440001033,2,False
3431,000000397303.jpg,0.7251864749996457,19,False
3433,000000397351.jpg,0.7248949929999071,2,False
3434,000000397354.jpg,0.7454761570006667,16,False
3436,000000397681.jpg,0.7277364060009859,15,False
3437,000000398028.jpg,0.7481949480006733,6,False
3438,000000398203.jpg,0.7260805630012328,7,False
3440,000000398377.jpg,0.7264314130006824,5,False
3441,000000398438.jpg,0.764210830000593,3,False
3442,000000398652.jpg,0.7263087800001813,7,False
3444,000000398810.jpg,0.7304354059997422,1,False
3446,000000399205.jpg,0.7414775010001904,13,False
3448,000000399462.jpg,0.7245013200008543,4,False
3449,000000399560.jpg,0.7408562679993338,1,False
3450,000000399655.jpg,0.7194161510014965,1,False
3452,000000400044.jpg,0.7277012929989723,2,False
3453,000000400082.jpg,0.7350089620013023,4,False
3455,000000400367.jpg,0.7251406780014804,5,False
3457,000000400794.jpg,0.7325641360002919,4,False
3459,000000400815.jpg,0.7243771749999723,2,False
3460,000000400922.jpg,0.7435552480001206,1,False
3462,000000401250.jpg,0.724575576999996,2,False
3464,000000401862.jpg,0.7297805329999392,7,False
3465,000000401991.jpg,0.7316222740009835,4,False
3466,000000402096.jpg,0.7343798390011216,0,False
3467,000000402118.jpg,0.7520085910000489,2,False
3468,000000402334.jpg,0.7355866050002078,2,False
3469,000000402346.jpg,0.7449488029997156,5,False
3471,000000402473.jpg,0.7239822569990793,2,False
3473,000000402615.jpg,0.7210438209986023,4,False
3475,000000402765.jpg,0.7395003169986012,1,False
3477,000000402783.jpg,0.7749864349989366,8,False
3478,000000402992.jpg,0.730691463999392,10,False
3480,000000403353.jpg,0.7294667299993307,2,False
3482,000000403565.jpg,0.7462778209992393,3,False
3483,000000403584.jpg,0.734556359000635,5,False
3485,000000404128.jpg,0.727212433999739,1,False
3486,000000404191.jpg,0.7362399520006875,1,False
3488,000000404479.jpg,0.7297490330001892,1,False
3489,000000404484.jpg,0.740584093000507,3,False
3490,000000404534.jpg,0.7253517629997077,0,False
3491,000000404568.jpg,0.7413523289997102,1,False
3493,000000404678.jpg,0.7277240839994192,15,False
3494,000000404805.jpg,0.7285269790008897,2,False
3496,000000404922.jpg,0.7355459239988704,5,False
3498,000000405195.jpg,0.7401383340002212,7,False
3500,000000405249.jpg,0.7239962140010903,10,False
3501,000000405279.jpg,0.7396445400008815,14,False
3502,000000405306.jpg,0.722096187999341,1,False
3503,000000405432.jpg,0.7348415729993576,2,False
3504,000000405691.jpg,0.7248565469999448,9,False
3505,000000405970.jpg,0.7427348130004248,3,False
3507,000000406129.jpg,0.7480893939991802,3,False
3508,000000406417.jpg,0.7272447840005043,5,False
3509,000000406570.jpg,0.7408008349993906,11,False
3510,000000406611.jpg,0.7277245509994827,7,False
3512,000000407002.jpg,0.7385264079985063,2,False
3514,000000407298.jpg,0.7372692299995833,3,False
3515,000000407403.jpg,0.7308533800005534,1,False
3517,000000407524.jpg,0.7353039179997722,5,False
3519,000000407614.jpg,0.7364788300001237,6,False
3521,000000407650.jpg,0.7375436140009697,2,False
3522,000000407825.jpg,0.7226707600002555,2,False
3524,000000407943.jpg,0.7715411289991607,1,False
3526,000000408112.jpg,0.7432185710003978,3,False
3528,000000408696.jpg,0.720838367999022,3,False
3529,000000408774.jpg,0.7338983849986107,5,False
3531,000000409198.jpg,0.7422443329996895,2,False
3533,000000409268.jpg,0.731265340000391,1,False
3535,000000409424.jpg,0.7272457369999756,5,False
3537,000000409542.jpg,0.7255773139986559,6,False
3538,000000409630.jpg,0.7255601510005363,3,False
3540,000000410221.jpg,0.7229138149996288,1,False
3542,000000410456.jpg,0.7226829939991148,9,False
3543,000000410487.jpg,0.7311584250001033,1,False
3545,000000410510.jpg,0.7224432520015398,2,False
3546,000000410612.jpg,0.7460612209997635,0,False
3547,000000410650.jpg,0.7276621550008713,4,False
3548,000000410712.jpg,0.7371721079998679,1,False
3549,000000410735.jpg,0.7256773440003599,6,False
3551,000000410880.jpg,0.7202411700000084,2,False
3553,000000411530.jpg,0.7484992720001173,5,False
3555,000000411754.jpg,0.7422526530008327,4,False
3557,000000411817.jpg,0.7254476470006921,12,False
3558,000000411938.jpg,0.7453808850004862,10,False
3559,000000411953.jpg,0.7177967090010497,2,False
3560,000000412240.jpg,0.7728715670000383,1,False
3561,000000412286.jpg,0.7245148369984236,3,False
3562,000000412362.jpg,0.7472086760008096,6,False
3563,000000412531.jpg,0.7242137940011162,4,False
3564,000000412887.jpg,0.7425006209996354,2,False
3565,000000412894.jpg,0.7241157320004277,15,False
3566,000000413247.jpg,0.7374198180004896,3,False
3567,000000413395.jpg,0.7196143239998491,2,False
3568,000000413404.jpg,0.7458153980005591,4,False
3570,000000413689.jpg,0.7360819200002879,7,False
3571,000000414034.jpg,0.7230396270006167,3,False
3572,000000414133.jpg,0.7212486669995997,5,False
3574,000000414261.jpg,0.7236667519991897,1,False
3576,000000414385.jpg,0.722255695000058,5,False
3577,000000414510.jpg,0.7391137659997185,8,False
3578,000000414638.jpg,0.7264806849998422,7,False
3579,000000414673.jpg,0.7430837020001491,15,False
3580,000000414676.jpg,0.7241162459995394,1,False
3581,000000414795.jpg,0.7251804979987355,30,False
3582,000000415194.jpg,0.7283577750004042,5,False
3584,000000415536.jpg,0.7416161490000377,1,False
3585,000000415716.jpg,0.7245826079997642,4,False
3586,000000415727.jpg,0.7436127020009735,3,False
3587,000000415741.jpg,0.7188896289990225,3,False
3589,000000415882.jpg,0.7251577450006153,1,False
3591,000000416104.jpg,0.7412555099999736,18,False
3593,000000416256.jpg,0.7334567029993195,2,False
3594,000000416269.jpg,0.723643875999187,1,False
3596,000000416343.jpg,0.7425992600001337,4,False
3598,000000416534.jpg,0.7705326909999712,4,False
3599,000000416745.jpg,0.7305092679998779,1,False
3600,000000416758.jpg,0.7493332939993707,3,False
3602,000000416885.jpg,0.7226816090005741,5,False
3603,000000416991.jpg,0.7449328040002001,7,False
3604,000000417043.jpg,0.731303915999888,1,False
3605,000000417085.jpg,0.739618273000815,2,False
3607,000000417285.jpg,0.7354725379991578,6,False
3609,000000417608.jpg,0.7183550419995299,4,False
3610,000000417632.jpg,0.742910679000488,11,False
3611,000000417779.jpg,0.7247480679998262,4,False
3612,000000417876.jpg,0.7372240969998529,3,False
3613,000000417911.jpg,0.7270262740003091,2,False
3614,000000418062.jpg,0.7372261489999801,5,False
3615,000000418281.jpg,0.729942852000022,2,False
3616,000000418696.jpg,0.741251432998979,4,False
3617,000000418959.jpg,0.7289572730005602,1,False
3618,000000418961.jpg,0.7437433020004391,2,False
3619,000000419096.jpg,0.7268756220000796,1,False
3620,000000419098.jpg,0.7463070100002369,0,False
3621,000000419201.jpg,0.7251942839993717,3,False
3622,000000419312.jpg,0.7449050600007467,7,False
3623,000000419379.jpg,0.7289173810004286,6,False
3625,000000419601.jpg,0.7206305740000971,5,False
3627,000000419882.jpg,0.7456355239992263,3,False
3629,000000420069.jpg,0.7392033109990734,7,False
3630,000000420230.jpg,0.7497909429985157,1,False
3632,000000420472.jpg,0.7329464260001259,2,False
3633,000000420840.jpg,0.7249432230000821,2,False
3634,000000420916.jpg,0.7379051129992149,4,False
3635,000000421060.jpg,0.728390689000662,2,False
3636,000000421455.jpg,0.7411190059992805,1,False
3638,000000421834.jpg,0.7446063970000978,1,False
3640,000000422670.jpg,0.7281934040001943,1,False
3641,000000422706.jpg,0.7309812679995957,2,False
3642,000000422836.jpg,0.7236965699994471,3,False
3644,000000422998.jpg,0.7272073339991039,5,False
3646,000000423123.jpg,0.7198412230009126,3,False
3648,000000423506.jpg,0.7349139939997258,4,False
3649,000000423519.jpg,0.7299963740006206,1,False
3650,000000423617.jpg,0.7372787550011708,7,False
3651,000000423798.jpg,0.7212391649991332,0,False
3652,000000423944.jpg,0.740970405000553,2,False
3654,000000424135.jpg,0.7231128509993141,1,False
3656,000000424349.jpg,0.72587498699977,4,False
3657,000000424521.jpg,0.738181053999142,2,False
3659,000000424551.jpg,0.7384057279996341,3,False
3661,000000424721.jpg,0.7616757720006717,4,False
3662,000000424776.jpg,0.7444462270013901,1,False
3663,000000424975.jpg,0.7288653470004647,4,False
3664,000000425221.jpg,0.746493800999815,2,False
3666,000000425227.jpg,0.7463250689997949,5,False
3668,000000425390.jpg,0.7216203429998131,1,False
3669,000000425702.jpg,0.7418505860005098,2,False
3671,000000425925.jpg,0.7452531889994134,6,False
3672,000000426166.jpg,0.7198859129985067,1,False
3674,000000426241.jpg,0.7333729199999652,7,False
3676,000000426268.jpg,0.7462265880003542,3,False
3678,000000426329.jpg,0.7431967690008605,17,False
3680,000000426376.jpg,0.7232522049998806,1,False
3682,000000426836.jpg,0.740067705999536,1,False
3683,000000427034.jpg,0.7607472729996516,3,False
3684,000000427055.jpg,0.7298093640001753,5,False
3685,000000427077.jpg,0.7439171049991273,1,False
3686,000000427160.jpg,0.729854572999102,4,False
3687,000000427256.jpg,0.7451544029991055,12,False
3688,000000427338.jpg,0.7248791900001379,1,False
3689,000000427500.jpg,0.7475242190012068,2,False
3690,000000427649.jpg,0.724435029000233,1,False
3691,000000427655.jpg,0.7353556030011532,5,False
3693,000000428111.jpg,0.7258711819995369,3,False
3694,000000428218.jpg,0.7455428230005055,3,False
3695,000000428280.jpg,0.7266088720007247,3,False
3696,000000428454.jpg,0.7468761950003682,3,False
3698,000000428867.jpg,0.7415543269999034,6,False
3699,000000429011.jpg,0.7193039009998756,3,False
3700,000000429109.jpg,0.7395627430014429,6,False
3701,000000429281.jpg,0.7253055259989196,5,False
3702,000000429530.jpg,0.7234235589985474,4,False
3703,000000429598.jpg,0.7332098200004111,4,False
3704,000000429623.jpg,0.7201657530004013,2,False
3705,000000429690.jpg,0.7366382990003331,9,False
3707,000000429761.jpg,0.7391385740011174,3,False
3708,000000430048.jpg,0.7265582870004437,1,False
3710,000000430073.jpg,0.7267145280002296,15,False
3711,000000430286.jpg,0.7295441079986631,3,False
3712,000000430377.jpg,0.7399139019998984,3,False
3714,000000430875.jpg,0.736512703999324,2,False
3715,000000430961.jpg,0.7183707419990242,4,False
3716,000000430973.jpg,0.7430343650012219,1,False
3717,000000431140.jpg,0.7234875160011143,3,False
3718,000000431545.jpg,0.7412183910000749,3,False
3719,000000431568.jpg,0.7216048580012284,1,False
3720,000000431693.jpg,0.7687472249999701,3,False
3722,000000431848.jpg,0.7243895329993393,3,False
3724,000000431896.jpg,0.72815345699928,1,False
3726,000000432468.jpg,0.7298734579999291,2,False
3727,000000432553.jpg,0.7301102630008245,4,False
3728,000000432898.jpg,0.724105712999517,8,False
3730,000000433134.jpg,0.7356382890011446,1,False
3731,000000433192.jpg,0.7225291400009155,3,False
3732,000000433204.jpg,0.739454434999061,5,False
3733,000000433243.jpg,0.7233716989994718,1,False
3734,000000433374.jpg,0.7400795699995797,4,False
3736,000000433774.jpg,0.7503003140009241,4,False
3738,000000433980.jpg,0.7228608870009339,0,False
3739,000000434204.jpg,0.740948496000783,5,False
3740,000000434230.jpg,0.7229028020010446,10,False
3741,000000434247.jpg,0.7460461029986618,5,False
3743,000000434459.jpg,0.7362321439995867,15,False
3744,000000434479.jpg,0.7194804139999178,1,False
3745,000000434548.jpg,0.7264330420002807,2,False
3747,000000435003.jpg,0.7245871830000397,5,False
3749,000000435205.jpg,0.7325124500002858,2,False
3751,000000435208.jpg,0.7776803929991729,6,False
3753,000000435880.jpg,0.7340642039998784,4,False
3755,000000436551.jpg,0.7222922969995125,2,False
3757,000000436738.jpg,0.7544970600010856,8,False
3759,000000437110.jpg,0.7287447990001965,1,False
3760,000000437205.jpg,0.7348808520000603,1,False
3761,000000437239.jpg,0.730842543000108,8,False
3762,000000437331.jpg,0.7435646890007774,1,False
3764,000000437392.jpg,0.7224148459990829,1,False
3766,000000437898.jpg,0.7218836369993369,4,False
3767,000000438017.jpg,0.7426656520001416,4,False
3768,000000438226.jpg,0.718644745000347,5,False
3769,000000438269.jpg,0.7355113990015525,1,False
3770,000000438304.jpg,0.7243899789991701,5,False
3771,000000438774.jpg,0.7215189630005625,12,False
3772,000000438862.jpg,0.7249117060000572,5,False
3773,000000438876.jpg,0.7288048940008593,3,False
3775,000000438955.jpg,0.7171659770010592,8,False
3776,000000439180.jpg,0.742755549001231,18,False
3777,000000439290.jpg,0.7229714670011163,1,False
3779,000000439522.jpg,0.7224674819990469,1,False
3780,000000439525.jpg,0.7225204410005972,6,False
3781,000000439593.jpg,0.7373807259991736,4,False
3782,000000439623.jpg,0.7310375700017175,6,False
3784,000000439773.jpg,0.7270635770000808,3,False
3785,000000439854.jpg,0.7422253439999622,8,False
3786,000000439994.jpg,0.7296533930002624,3,False
3787,000000440171.jpg,0.7450157860002946,3,False
3788,000000440184.jpg,0.724820784998883,8,False
3789,000000440336.jpg,0.7710432170006243,7,False
3790,000000440475.jpg,0.726532861999658,5,False
3791,000000440507.jpg,0.7414486440011387,1,False
3792,000000440508.jpg,0.7316589840011147,1,False
3793,000000440617.jpg,0.7455945120000251,2,False
3794,000000441247.jpg,0.7249224749994028,8,False
3795,000000441286.jpg,0.7430405070008419,1,False
3796,000000441442.jpg,0.7308197990005283,3,False
3797,000000441468.jpg,0.7400129889992968,6,False
3798,000000441491.jpg,0.7264061540008697,2,False
3799,000000441543.jpg,0.736288340000101,10,False
3800,000000441553.jpg,0.7298662070006685,9,False
3801,000000441586.jpg,0.7279382260003331,6,False
3802,000000442009.jpg,0.7376237650005351,0,False
3804,000000442306.jpg,0.7440098700008093,2,False
3806,000000442456.jpg,0.73299340199992,5,False
3808,000000442480.jpg,0.7168298400010826,2,False
3810,000000442746.jpg,0.7513481510013662,2,False
3811,000000442822.jpg,0.7449793139985559,7,False
3813,000000442993.jpg,0.7226299049998488,1,False
3815,000000443426.jpg,0.725424488000499,2,False
3816,000000443498.jpg,0.7339745839999523,1,False
3817,000000443844.jpg,0.7224383020002278,3,False
3818,000000443969.jpg,0.7381523929998366,5,False
3820,000000444275.jpg,0.7277869280005689,2,False
3822,000000445248.jpg,0.7228575570006797,3,False
3824,000000445439.jpg,0.7212853390010423,1,False
3826,000000445658.jpg,0.7424106899998151,4,False
3827,000000445675.jpg,0.7304633399999148,1,False
3828,000000445722.jpg,0.7414040179992298,1,False
3829,000000445792.jpg,0.7288212059993384,1,False
3830,000000445834.jpg,0.7446527179999975,5,False
3831,000000445846.jpg,0.7271107409997057,3,False
3832,000000445999.jpg,0.7381852340004116,1,False
3833,000000446005.jpg,0.7216308620008931,3,False
3834,000000446117.jpg,0.7392560899988894,1,False
3835,000000446206.jpg,0.7254640430001018,2,False
3836,000000446207.jpg,0.7486724899990804,2,False
3837,000000446522.jpg,0.7295274260013684,2,False
3838,000000446574.jpg,0.7449694019996969,1,False
3839,000000446651.jpg,0.7241010669986281,3,False
3840,000000446703.jpg,0.7394044690008741,1,False
3841,000000447088.jpg,0.7274930260009569,3,False
3842,000000447169.jpg,0.779967217000376,3,False
3843,000000447187.jpg,0.7285274770001706,6,False
3844,000000447200.jpg,0.745388613000614,2,False
3845,000000447313.jpg,0.7267175110009703,2,False
3847,000000447342.jpg,0.7380426190011349,5,False
3849,000000447522.jpg,0.7364022210003895,6,False
3850,000000447611.jpg,0.7209680340001796,5,False
3852,000000447917.jpg,0.7436780410007486,4,False
3854,000000448256.jpg,0.7439503199984756,3,False
3855,000000448263.jpg,0.7167567570013489,3,False
3856,000000448365.jpg,0.7413201740000659,3,False
3858,000000448448.jpg,0.7557573960002628,1,False
3860,000000449190.jpg,0.7226454589999776,3,False
3861,000000449198.jpg,0.7387830389998271,0,False
3863,000000449406.jpg,0.7200204339987977,2,False
3864,000000449432.jpg,0.7292758539988426,15,False
3866,000000449603.jpg,0.740460647000873,1,False
3867,000000449661.jpg,0.7251393730002746,4,False
3869,000000449996.jpg,0.7461919950001175,3,False
3870,000000450075.jpg,0.7396553500002483,4,False
3872,000000450202.jpg,0.7219365780001681,7,False
3874,000000450399.jpg,0.7230957290012157,16,False
3875,000000450439.jpg,0.7332566450004379,2,False
3876,000000450488.jpg,0.7229134059998614,2,False
3878,000000450686.jpg,0.7341132540004764,2,False
3879,000000450758.jpg,0.7212314719999995,7,False
3880,000000451043.jpg,0.7372848430004524,1,False
3882,000000451090.jpg,0.7368060920016433,1,False
3883,000000451144.jpg,0.7226966689995606,3,False
3884,000000451150.jpg,0.7382575039991934,6,False
3885,000000451155.jpg,0.7212179460002517,2,False
3886,000000451308.jpg,0.7401635060014087,13,False
3887,000000451435.jpg,0.7188666149995697,2,False
3889,000000451693.jpg,0.7467123710011947,1,False
3891,000000451879.jpg,0.7375847519997478,7,False
3893,000000452122.jpg,0.7243190409990348,1,False
3894,000000452321.jpg,0.7458908839998912,2,False
3895,000000452515.jpg,0.7259028040007252,5,False
3896,000000452784.jpg,0.7388715380002395,2,False
3897,000000452793.jpg,0.722970124999847,2,False
3898,000000452891.jpg,0.7453191130007326,1,False
3900,000000453040.jpg,0.768975605000378,0,False
3902,000000453302.jpg,0.7233652869999787,6,False
3903,000000453341.jpg,0.7369750699999713,4,False
3904,000000453584.jpg,0.7259919879998051,1,False
3905,000000453634.jpg,0.7287407140011055,1,False
3906,000000453708.jpg,0.7269808840010228,9,False
3907,000000453722.jpg,0.7403885220010125,4,False
3908,000000453841.jpg,0.720749498999794,11,False
3910,000000453981.jpg,0.729175080999994,2,False
3911,000000454067.jpg,0.7688834460004728,2,False
3913,000000454661.jpg,0.7247118659997795,8,False
3915,000000454798.jpg,0.7192726440007391,2,False
3917,000000455085.jpg,0.7312719680012378,1,False
3918,000000455157.jpg,0.7283469230005721,3,False
3919,000000455219.jpg,0.7373423570006707,4,False
3920,000000455267.jpg,0.7234333289998176,4,False
3921,000000455301.jpg,0.7436560620008095,2,False
3922,000000455352.jpg,0.7231232310004998,2,False
3924,000000455555.jpg,0.720008718999452,3,False
3925,000000455597.jpg,0.74517381700025,4,False
3926,000000455624.jpg,0.7266993670000375,15,False
3928,000000455872.jpg,0.7377687859989237,2,False
3930,000000455981.jpg,0.735362012999758,1,False
3932,000000456143.jpg,0.719965341999341,3,False
3933,000000456292.jpg,0.7395262970003387,1,False
3934,000000456303.jpg,0.7215088659995672,0,False
3935,000000456394.jpg,0.7374239860000671,2,False
3937,000000456559.jpg,0.7393955440002173,2,False
3939,000000456865.jpg,0.7222934580004221,1,False
3940,000000457078.jpg,0.7257203640001535,3,False
3942,000000457559.jpg,0.7581729879984778,6,False
3944,000000457884.jpg,1.0769320680010424,5,False
3946,000000458054.jpg,0.7421739080000407,4,False
3948,000000458223.jpg,0.7218695100000332,3,False
3949,000000458255.jpg,0.7420945119993121,4,False
3951,000000458410.jpg,0.739420448000601,2,False
3952,000000458663.jpg,0.729744643000231,5,False
3953,000000458702.jpg,0.7475601580008515,3,False
3955,000000458768.jpg,0.7334116909987642,3,False
3957,000000458992.jpg,0.7287598040002194,3,False
3958,000000459153.jpg,0.7418727860003855,2,False
3959,000000459195.jpg,0.7265611790007824,5,False
3960,000000459272.jpg,0.7451648379992548,7,False
3962,000000459437.jpg,0.7232998400013457,5,False
3963,000000459467.jpg,0.7292835629996262,1,False
3964,000000459500.jpg,0.727943679999953,2,False
3965,000000459634.jpg,0.7401974820004398,1,False
3967,000000459757.jpg,0.7425464280004235,1,False
3968,000000459809.jpg,0.7166121019999991,4,False
3969,000000459887.jpg,0.7429602909996902,1,False
3971,000000460147.jpg,0.7244217770003161,16,False
3973,000000460229.jpg,0.7243581639995682,3,False
3975,000000460347.jpg,0.7260129480000614,5,False
3977,000000460494.jpg,0.7370544220011652,5,False
3978,000000460682.jpg,0.7207349169984809,1,False
3980,000000460841.jpg,0.7177813569996943,2,False
3982,000000460929.jpg,0.7395279009997466,2,False
3984,000000461009.jpg,0.7371356910007307,7,False
3985,000000461036.jpg,0.7191490490004071,1,False
3986,000000461275.jpg,0.740521333000288,0,False
3988,000000461573.jpg,0.721465882999837,1,False
3990,000000462031.jpg,0.7237498320009763,2,False
3991,000000462371.jpg,0.7431646280001587,7,False
3993,000000462614.jpg,0.7300662570014538,4,False
3994,000000462629.jpg,0.7775433539991354,7,False
3996,000000462728.jpg,0.7364932159998716,3,False
3998,000000462904.jpg,0.7400341779994051,12,False
3999,000000463037.jpg,0.7283322240000416,1,False
4000,000000463174.jpg,0.7262274179993256,3,False
4001,000000463199.jpg,0.7368671700005507,11,False
4002,000000463283.jpg,0.7302689459993417,3,False
4003,000000463522.jpg,0.7412329369999497,5,False
4005,000000463542.jpg,0.7416168409999955,11,False
4007,000000463647.jpg,0.7256662660001894,2,False
4009,000000463730.jpg,0.7655759059998672,11,False
4010,000000463802.jpg,0.7400851070015051,1,False
4011,000000463842.jpg,0.7333205699997052,15,False
4012,000000463849.jpg,0.7352906669984804,8,False
4014,000000464089.jpg,0.7377897639998992,9,False
4016,000000464251.jpg,0.7257714289989963,4,False
4017,000000464358.jpg,0.742210200000045,3,False
4018,000000464476.jpg,0.7206356570004573,2,False
4019,000000464522.jpg,0.7405556859994249,1,False
4020,000000464689.jpg,0.7598364599998604,1,False
4021,000000464786.jpg,0.7390922459999274,2,False
4023,000000464872.jpg,0.7386620090001088,2,False
4025,000000465179.jpg,0.7233003789988288,1,False
4027,000000465430.jpg,0.7202863069996965,3,False
4029,000000465585.jpg,0.7372476520013151,11,False
4031,000000465718.jpg,0.7387474030001613,6,False
4033,000000465822.jpg,0.7243034000002808,15,False
4034,000000465836.jpg,0.7210811770000873,5,False
4036,000000466125.jpg,0.7380535950014746,3,False
4038,000000466256.jpg,0.7379989109995222,3,False
4040,000000466416.jpg,0.7203690040005313,1,False
4041,000000466567.jpg,0.7323200219998398,1,False
4042,000000466602.jpg,0.7207299429992418,1,False
4043,000000466835.jpg,0.735132388999773,2,False
4045,000000467176.jpg,0.7442867429999751,5,False
4047,000000467511.jpg,0.7206910400000197,3,False
4049,000000467848.jpg,0.7270758370013937,3,False
4050,000000468124.jpg,0.7462861599997268,2,False
4051,000000468233.jpg,0.7206756140003563,2,False
4052,000000468245.jpg,0.7377477650006767,2,False
4054,000000468501.jpg,0.7232997850005631,4,False
4056,000000468577.jpg,0.7223996270004136,1,False
4057,000000468632.jpg,0.7424917219996132,4,False
4058,000000468925.jpg,0.7264975430007325,5,False
4059,000000468954.jpg,0.7454957739992096,4,False
4060,000000468965.jpg,0.7260806150006829,8,False
4062,000000469174.jpg,0.7306173880006099,1,False
4064,000000469246.jpg,0.732047698000315,4,False
4066,000000469828.jpg,0.7182365110002138,1,False
4068,000000470173.jpg,0.7207887949989527,3,False
4069,000000470773.jpg,0.737559909999618,12,False
4070,000000470779.jpg,0.7260057220009912,7,False
4072,000000470952.jpg,0.7224469530010538,9,False
4073,000000471023.jpg,0.7176729820002947,4,False
4074,000000471087.jpg,0.7305423979996704,2,False
4076,000000471567.jpg,0.743914243999825,2,False
4078,000000471789.jpg,0.7350597130007372,7,False
4080,000000471893.jpg,0.7220507269994414,8,False
4082,000000472030.jpg,0.7254131739991863,2,False
4083,000000472046.jpg,0.7411372189999383,7,False
4085,000000472375.jpg,0.7222618839987263,2,False
4087,000000472678.jpg,0.7252839430002496,6,False
4089,000000473118.jpg,0.7376736460009852,3,False
4090,000000473121.jpg,0.7261775160004618,1,False
4091,000000473219.jpg,0.7404419779995806,6,False
4092,000000473237.jpg,0.7205101420004212,2,False
4094,000000473821.jpg,0.7248061390000657,4,False
4095,000000473869.jpg,0.7432694059989444,4,False
4096,000000473974.jpg,0.7336729299986473,4,False
4097,000000474021.jpg,0.7395855559989286,5,False
4098,000000474028.jpg,0.7305913729996973,12,False
4099,000000474039.jpg,0.7384592090002116,3,False
4100,000000474078.jpg,0.7299531699991348,6,False
4101,000000474095.jpg,0.7390521649995208,1,False
4102,000000474164.jpg,0.7266788180004369,3,False
4103,000000474167.jpg,0.7414049800008797,7,False
4104,000000474170.jpg,0.7270798499994271,2,False
4105,000000474293.jpg,0.7321178149995831,2,False
4107,000000474452.jpg,0.7208867649987951,5,False
4108,000000474786.jpg,0.7344841190006264,3,False
4110,000000474881.jpg,0.7458545509998658,4,False
4111,000000475064.jpg,0.7277217609989748,3,False
4112,000000475150.jpg,0.7397483839995402,1,False
4114,000000475223.jpg,0.7227723169999081,2,False
4116,000000475387.jpg,0.7327269990000786,4,False
4118,000000475572.jpg,0.7352461740010767,5,False
4120,000000475732.jpg,0.7370258360006119,1,False
4122,000000475904.jpg,0.7201579730008234,1,False
4123,000000476119.jpg,0.7280912530004571,3,False
4124,000000476215.jpg,0.7198122509998939,3,False
4126,000000476415.jpg,0.721763966999788,2,False
4127,000000476491.jpg,0.7399083630007226,1,False
4129,000000476704.jpg,0.7260521480002353,5,False
4130,000000476770.jpg,0.7235742200009554,5,False
4131,000000476787.jpg,0.7268078069992043,9,False
4132,000000476810.jpg,0.7395457210004679,2,False
4133,000000477118.jpg,0.7230854230001569,0,False
4134,000000477227.jpg,0.7344850480003515,1,False
4135,000000477288.jpg,0.7243039479999425,9,False
4137,000000477623.jpg,0.7250847659997817,2,False
4139,000000477805.jpg,0.7338271970002097,1,False
4141,000000478136.jpg,0.7458884009993199,6,False
4143,000000478393.jpg,0.7475096380003379,4,False
4144,000000478420.jpg,0.7209298340003443,2,False
4146,000000478721.jpg,0.7408632450005825,7,False
4148,000000479030.jpg,0.7427014450004208,3,False
4150,000000479126.jpg,0.728701120999176,5,False
4151,000000479155.jpg,0.7654127780006093,7,False
4152,000000479248.jpg,0.7281047719989147,8,False
4153,000000479448.jpg,0.7452401359987562,5,False
4155,000000479732.jpg,0.7422335339997517,4,False
4156,000000479912.jpg,0.728131685000335,1,False
4157,000000479953.jpg,0.743484950000493,2,False
4158,000000480021.jpg,0.7252858870015189,7,False
4160,000000480212.jpg,0.7353707149995898,3,False
4162,000000480842.jpg,0.7409160759998485,2,False
4163,000000480936.jpg,0.7264811730001384,2,False
4164,000000480944.jpg,0.7490184059988678,9,False
4166,000000481159.jpg,0.7260232950011414,1,False
4167,000000481386.jpg,0.7408110439992015,4,False
4168,000000481390.jpg,0.7274333940003999,10,False
4169,000000481404.jpg,0.7354554859994096,1,False
4170,000000481413.jpg,0.7255580710007052,2,False
4172,000000481567.jpg,0.7241404610012978,2,False
4173,000000481573.jpg,0.7435127709995868,2,False
4174,000000481582.jpg,0.7375014770004782,4,False
4175,000000482100.jpg,0.745585957000003,3,False
4177,000000482319.jpg,0.7209910620003939,2,False
4178,000000482436.jpg,0.7353746459994,2,False
4179,000000482477.jpg,0.7229740460006724,1,False
4180,000000482487.jpg,0.7403066660008335,2,False
4182,000000482719.jpg,0.7431767660000332,2,False
4184,000000482800.jpg,0.7236762250013271,4,False
4186,000000482970.jpg,0.7255287600000884,1,False
4188,000000483050.jpg,0.7250487910005177,2,False
4190,000000483667.jpg,0.7331914099995629,2,False
4192,000000484029.jpg,0.7400478729996394,6,False
4194,000000484351.jpg,0.7285951479989308,23,False
4195,000000484404.jpg,0.7365307210002356,3,False
4196,000000484415.jpg,0.7179777940000349,0,False
4198,000000484893.jpg,0.7264847450005618,5,False
4199,000000484978.jpg,0.7516794749990368,10,False
4200,000000485027.jpg,0.7255743229998188,3,False
4201,000000485071.jpg,0.7394407800002227,1,False
4202,000000485130.jpg,0.7265664810001908,0,False
4203,000000485237.jpg,0.7393397609994281,1,False
4205,000000485480.jpg,0.7245609300007345,4,False
4206,000000485802.jpg,0.7375215789998038,1,False
4207,000000485844.jpg,0.7225595899999462,3,False
4208,000000485895.jpg,0.7416450289983914,1,False
4210,000000486040.jpg,0.7397619599996688,4,False
4212,000000486104.jpg,0.7231414210000366,4,False
4213,000000486112.jpg,0.735247074999279,2,False
4214,000000486438.jpg,0.7282344759987609,8,False
4215,000000486479.jpg,0.7437023660004343,1,False
4216,000000486573.jpg,0.7242615380000643,1,False
4218,000000488075.jpg,0.7267238659987925,5,False
4219,000000488166.jpg,0.7350716569999349,5,False
4221,000000488270.jpg,0.7260976750003465,1,False
4222,000000488385.jpg,0.7423231149987259,2,False
4223,000000488592.jpg,0.7276131080016057,4,False
4224,000000488664.jpg,0.7451169089999894,1,False
4225,000000488673.jpg,0.7242552780007827,7,False
4227,000000488736.jpg,0.7223452839989477,2,False
4229,000000489046.jpg,0.7290963949999423,1,False
4230,000000489091.jpg,0.7234455819998402,2,False
4231,000000489305.jpg,0.7631854280007246,5,False
4232,000000489339.jpg,0.7238426510011777,1,False
4233,000000489611.jpg,0.7437462309990224,5,False
4234,000000489764.jpg,0.7260414490010589,4,False
4236,000000489924.jpg,0.7263487540003553,2,False
4237,000000490125.jpg,0.746084205000443,15,False
4239,000000490413.jpg,0.7189459840010386,1,False
4241,000000490515.jpg,0.7280007999997906,2,False
4243,000000491008.jpg,0.7357424599995284,13,False
4245,000000491090.jpg,0.7451444599992101,2,False
4247,000000491213.jpg,0.7407245769991277,3,False
4249,000000491366.jpg,0.7191215029997693,5,False
4250,000000491464.jpg,0.7458859759990446,3,False
4252,000000491497.jpg,0.7427165480003168,3,False
4254,000000491683.jpg,0.724637540999538,1,False
4256,000000491757.jpg,0.7281476769985602,2,False
4258,000000492077.jpg,0.7352150629994867,9,False
4259,000000492110.jpg,0.7263406450001639,8,False
4261,000000492284.jpg,0.7214451550007652,2,False
4263,000000492758.jpg,0.7267407580002327,7,False
4265,000000492905.jpg,0.7476293600011559,3,False
4267,000000492968.jpg,0.7435213650005608,2,False
4269,000000493019.jpg,0.7323717920007766,5,False
4271,000000493286.jpg,0.7248865439996734,3,False
4272,000000493334.jpg,0.7464444599991111,1,False
4274,000000493566.jpg,0.7268474490010703,1,False
4276,000000493772.jpg,0.7284721709984296,2,False
4277,000000493799.jpg,0.7415584080008557,5,False
4279,000000493905.jpg,0.7319120470001508,14,False
4281,000000494427.jpg,0.734245876001296,1,False
4283,000000494759.jpg,0.7561097289999452,4,False
4285,000000494869.jpg,0.7325604690013279,8,False
4286,000000494913.jpg,0.7313911250003002,6,False
4287,000000495054.jpg,0.7460403499990207,2,False
4288,000000495146.jpg,0.7287549020002189,9,False
4289,000000495448.jpg,0.7425765410007443,1,False
4290,000000495732.jpg,0.7245415050001611,2,False
4291,000000496409.jpg,0.7439165670002694,2,False
4292,000000496571.jpg,0.7305749959996319,9,False
4293,000000496597.jpg,0.7407497919994057,2,False
4294,000000496722.jpg,0.7223647219998384,2,False
4295,000000496854.jpg,0.7457679759991152,10,False
4296,000000496954.jpg,0.7214104690010572,7,False
4297,000000497344.jpg,0.7350229980002041,3,False
4299,000000497599.jpg,0.7245351609999489,4,False
4301,000000497867.jpg,0.7258468500003801,3,False
4302,000000498032.jpg,0.7468086399985623,1,False
4304,000000498463.jpg,0.7308053069991729,2,False
4307,000000498807.jpg,0.7399212860000262,2,False
4308,000000498857.jpg,0.7223877110009198,1,False
4309,000000498919.jpg,0.7362227930007066,9,False
4311,000000499109.jpg,0.7251169620012661,2,False
4313,000000499266.jpg,0.7263008190002438,4,False
4314,000000499313.jpg,0.7469527209996158,2,False
4316,000000499768.jpg,0.7220044189998589,3,False
4318,000000500049.jpg,0.7227575560009427,1,False
4320,000000500257.jpg,0.7199080179998418,6,False
4322,000000500423.jpg,0.7424153450010635,1,False
4324,000000500477.jpg,0.743092501999854,2,False
4325,000000500478.jpg,0.7195905469998252,8,False
4327,000000500613.jpg,0.7396903369990468,5,False
4329,000000500716.jpg,0.7411307460006356,1,False
4330,000000500826.jpg,0.7704095839999354,2,False
4332,000000501023.jpg,0.7326343040003849,2,False
4333,000000501243.jpg,0.7277257480000117,3,False
4334,000000501368.jpg,0.740232043001015,1,False
4336,000000502136.jpg,0.7336521800007176,4,False
4337,000000502168.jpg,0.7270276170002035,9,False
4338,000000502229.jpg,0.7374901129987848,2,False
4340,000000502347.jpg,0.7274226459994679,1,False
4341,000000502599.jpg,0.741645891999724,2,False
4342,000000502732.jpg,0.7309709339988331,1,False
4344,000000502910.jpg,0.7147935680004593,0,False
4346,000000503823.jpg,0.7511736249998648,1,False
4347,000000503841.jpg,0.7265639390006982,2,False
4348,000000503855.jpg,0.7335354599999846,15,False
4349,000000504000.jpg,0.7212341989998095,3,False
4351,000000504389.jpg,0.7261561790000997,3,False
4353,000000504439.jpg,0.7235512070001278,2,False
4354,000000504580.jpg,0.7279781619999994,2,False
4355,000000504589.jpg,0.733608581000226,3,False
4356,000000504635.jpg,0.7557294270009152,3,False
4358,000000505169.jpg,0.7251957400003448,1,False
4359,000000505451.jpg,0.7362631659998442,1,False
4361,000000505573.jpg,0.7246249740001076,2,False
4362,000000505638.jpg,0.7295127760007745,3,False
4363,000000505789.jpg,0.7276826270008314,5,False
4365,000000506004.jpg,0.7196963769983995,2,False
4366,000000506178.jpg,0.7358085800005938,1,False
4367,000000506279.jpg,0.7235768119990098,2,False
4368,000000506310.jpg,0.7367535619996488,6,False
4370,000000506656.jpg,0.7234535770003276,3,False
4371,000000506707.jpg,0.7413533280014235,7,False
4373,000000507015.jpg,0.7723652989989205,8,False
4375,000000507042.jpg,0.7427110450007604,1,False
4376,000000507081.jpg,0.7240942959997483,1,False
4378,000000507235.jpg,0.735445823000191,3,False
4380,000000507575.jpg,0.7476010990012583,5,False
4382,000000507797.jpg,0.7225319700010004,12,False
4384,000000507975.jpg,0.7257307300005778,8,False
4386,000000508312.jpg,0.7241459119995852,2,False
4388,000000508482.jpg,0.7474207660015963,1,False
4390,000000508602.jpg,0.7432658020006784,2,False
4392,000000508730.jpg,0.7256786259986256,4,False
4394,000000509008.jpg,0.7268111369994585,2,False
4396,000000509131.jpg,0.732151789999989,6,False
4398,000000509260.jpg,0.7418024749986216,1,False
4400,000000509451.jpg,0.7207636189996265,8,False
4401,000000509656.jpg,0.7187333199999557,1,False
4403,000000509719.jpg,0.7636347979987477,1,False
4404,000000509735.jpg,0.7212450930001069,5,False
4405,000000509824.jpg,0.7364918460007175,5,False
4406,000000510095.jpg,0.7197272180001164,2,False
4407,000000510329.jpg,0.7330197190003673,4,False
4408,000000511076.jpg,0.7231107369989331,13,False
4410,000000511384.jpg,0.7333754880000924,2,False
4412,000000511453.jpg,0.7380753340003139,3,False
4414,000000511647.jpg,0.7386434990003181,2,False
4415,000000511760.jpg,0.7199406750005437,3,False
4417,000000512194.jpg,0.7412764749988128,1,False
4418,000000512248.jpg,0.7310422889986512,1,False
4419,000000512330.jpg,0.7415527959983592,6,False
4420,000000512403.jpg,0.7246482400005334,2,False
4421,000000512476.jpg,0.7392881169998873,3,False
4422,000000512564.jpg,0.7214470920007443,4,False
4423,000000512648.jpg,0.739974987000096,1,False
4424,000000512657.jpg,0.754553364999083,7,False
4425,000000512776.jpg,0.7425392410004861,3,False
4427,000000512929.jpg,0.7373195029995259,3,False
4428,000000512985.jpg,0.7228655229992,2,False
4430,000000513181.jpg,0.7313165019986627,1,False
4432,000000513484.jpg,0.7347202939999988,1,False
4433,000000513524.jpg,0.720352180998816,2,False
4434,000000513567.jpg,0.7335349300010421,9,False
4435,000000513580.jpg,0.7214775829997961,3,False
4437,000000514376.jpg,0.742269505000877,3,False
4439,000000514540.jpg,0.7375100350000139,1,False
4440,000000514586.jpg,0.7197080410005583,3,False
4441,000000514797.jpg,0.7707170930007123,4,False
4442,000000514914.jpg,0.716935590000503,2,False
4443,000000514979.jpg,0.7359097809985542,2,False
4444,000000515025.jpg,0.7219915659989056,6,False
4445,000000515077.jpg,0.7428576399997837,9,False
4446,000000515266.jpg,0.7185899760006578,3,False
4447,000000515350.jpg,0.7195780029996968,2,False
4448,000000515445.jpg,0.7322086880012648,5,False
4449,000000515577.jpg,0.7190485209994222,2,False
4450,000000515579.jpg,0.7344185769998148,2,False
4452,000000515982.jpg,0.7317860940001992,5,False
4453,000000516038.jpg,0.730374987999312,5,False
4454,000000516143.jpg,0.7409219069995743,2,False
4455,000000516173.jpg,0.7190742809998483,3,False
4456,000000516316.jpg,0.7445191459992202,2,False
4457,000000516318.jpg,0.7270759959992574,2,False
4458,000000516601.jpg,0.7435642059990641,6,False
4460,000000516708.jpg,0.7227973560002283,1,False
4462,000000516871.jpg,0.7197628400008398,1,False
4464,000000517056.jpg,0.7223774329995649,7,False
4466,000000517523.jpg,0.7353853900003742,1,False
4468,000000517832.jpg,0.7375426939997851,1,False
4470,000000518326.jpg,0.7252406879997579,3,False
4472,000000519039.jpg,0.725504551000995,1,False
4474,000000519338.jpg,0.7408941080011573,1,False
4476,000000519522.jpg,0.7378777379999519,2,False
4477,000000519569.jpg,0.7241154400016967,6,False
4478,000000519611.jpg,0.7435410800007958,1,False
4479,000000519688.jpg,0.7263696230002097,2,False
4480,000000519764.jpg,0.7397347129990521,2,False
4481,000000520009.jpg,0.7275420599999052,7,False
4482,000000520077.jpg,0.746434708000379,10,False
4483,000000520264.jpg,0.7268193750005594,8,False
4484,000000520301.jpg,0.7437532900003134,1,False
4485,000000520324.jpg,0.7294221089996427,2,False
4486,000000520531.jpg,0.7410909430000174,4,False
4487,000000520659.jpg,0.7316389229999913,6,False
4488,000000520707.jpg,0.7454958960006479,11,False
4489,000000520832.jpg,0.7242379149993212,2,False
4491,000000520910.jpg,0.7426333769999474,2,False
4493,000000521141.jpg,0.7452412300008291,8,False
4494,000000521231.jpg,0.7240738580003381,1,False
4495,000000521259.jpg,0.7473834329994133,13,False
4496,000000521282.jpg,0.727521283999522,1,False
4497,000000521405.jpg,0.7398352239997621,1,False
4498,000000521509.jpg,0.72531945099945,2,False
4499,000000521540.jpg,0.7262064429996826,1,False
4501,000000521717.jpg,0.7195572260006884,5,False
4503,000000521819.jpg,0.7233405619990663,11,False
4504,000000521956.jpg,0.7353247099999862,2,False
4506,000000522156.jpg,0.7285771229999227,1,False
4507,000000522393.jpg,0.7457691319996229,1,False
4509,000000522713.jpg,0.7405953950001276,2,False
4511,000000522889.jpg,0.7246910339999886,6,False
4512,000000522940.jpg,0.7400505109999358,1,False
4514,000000523100.jpg,0.735910187000627,5,False
4515,000000523175.jpg,0.7521653009989677,2,False
4517,000000523229.jpg,0.7261057140003686,3,False
4518,000000523241.jpg,0.7214359420013352,5,False
4520,000000523807.jpg,0.7257272699989699,5,False
4521,000000523811.jpg,0.7379513249998126,1,False
4522,000000523957.jpg,0.7304249790013273,9,False
4523,000000524108.jpg,0.740589559,2,False
4525,000000524456.jpg,0.7239060359988798,3,False
4526,000000524742.jpg,0.7323282320012368,1,False
4527,000000524850.jpg,0.7201634049997665,18,False
4528,000000525083.jpg,0.734140826998555,5,False
4529,000000525155.jpg,0.7196098259992141,2,False
4531,000000525286.jpg,0.7244384800014814,1,False
4532,000000525322.jpg,0.7358026029996836,2,False
4533,000000525600.jpg,0.7213926169988554,8,False
4535,000000526197.jpg,0.7340137489991321,1,False
4536,000000526256.jpg,0.7223978780002653,2,False
4537,000000526392.jpg,0.7309034800000518,6,False
4538,000000526706.jpg,0.7256037150000338,4,False
4539,000000526728.jpg,0.7378621790012403,9,False
4540,000000526751.jpg,0.7221313200006989,5,False
4542,000000527215.jpg,0.723451906000264,5,False
4543,000000527220.jpg,0.7322220429996378,3,False
4545,000000527528.jpg,0.7265617859993654,3,False
4546,000000527616.jpg,0.7327921969990712,3,False
4547,000000527695.jpg,0.7174664600006508,5,False
4548,000000527750.jpg,0.7402053160003561,4,False
4549,000000527784.jpg,0.7263673399993422,10,False
4550,000000527960.jpg,0.731479838001178,1,False
4552,000000528399.jpg,0.7449063499989279,8,False
4553,000000528524.jpg,0.7296825180001179,2,False
4554,000000528578.jpg,0.741791837999699,2,False
4555,000000528705.jpg,0.7272999810011243,2,False
4556,000000528862.jpg,0.7295543830005045,6,False
4558,000000528980.jpg,0.7244339509998099,5,False
4559,000000529105.jpg,0.7409534960006567,1,False
4560,000000529122.jpg,0.7241454249997332,4,False
4561,000000529148.jpg,0.7426294279994181,5,False
4562,000000529528.jpg,0.7279678110007808,1,False
4563,000000529568.jpg,0.7449712029992952,4,False
4564,000000529762.jpg,0.7261384510002244,3,False
4565,000000529939.jpg,0.7430408999989595,9,False
4566,000000529966.jpg,0.7190626720002911,4,False
4567,000000530052.jpg,0.7472066339996672,3,False
4568,000000530061.jpg,0.7265723109994724,4,False
4569,000000530099.jpg,0.7402220950007177,1,False
4570,000000530146.jpg,0.7256159589996969,5,False
4571,000000530162.jpg,0.7413153670004249,9,False
4572,000000530457.jpg,0.7304954440005531,1,False
4573,000000530466.jpg,0.7374855850011954,1,False
4574,000000530470.jpg,0.7241429330006213,0,False
4575,000000530624.jpg,0.7789047080004821,1,False
4576,000000530820.jpg,0.7266419660008978,2,False
4577,000000530836.jpg,0.7459582749997935,4,False
4578,000000530854.jpg,0.7261384230005206,6,False
4579,000000530975.jpg,0.7415619639996294,8,False
4580,000000531036.jpg,0.7263055950006674,3,False
4581,000000531134.jpg,0.7264932440011762,9,False
4582,000000531135.jpg,0.7306783069998346,9,False
4583,000000531495.jpg,0.7270946690005076,0,False
4584,000000531707.jpg,0.735285295999347,5,False
4585,000000531771.jpg,0.7257024699993053,1,False
4586,000000532058.jpg,0.7414183959990623,4,False
4587,000000532071.jpg,0.7181710849999945,2,False
4588,000000532129.jpg,0.741341699998884,2,False
4589,000000532481.jpg,0.7242346109997015,1,False
4591,000000532530.jpg,0.7268944549996377,2,False
4593,000000532690.jpg,0.7349522180011263,6,False
4594,000000532761.jpg,0.7265470980000828,5,False
4595,000000532855.jpg,0.7382592960002512,3,False
4596,000000532901.jpg,0.726135812999928,2,False
4597,000000533145.jpg,0.7454029399996216,2,False
4598,000000533206.jpg,0.7314792749984917,8,False
4599,000000533493.jpg,0.7434413219998532,3,False
4600,000000533536.jpg,0.7279561380000814,2,False
4601,000000533816.jpg,0.7406131030002143,16,False
4602,000000533855.jpg,0.7264382730008947,1,False
4603,000000533958.jpg,0.7457698799989885,2,False
4605,000000534270.jpg,0.737450317999901,6,False
4606,000000534394.jpg,0.7268144650006434,10,False
4607,000000534601.jpg,0.7362558379991242,1,False
4608,000000534605.jpg,0.7334249300001829,7,False
4610,000000534664.jpg,0.7332609750010306,5,False
4612,000000534827.jpg,0.7479035309988831,7,False
4613,000000535094.jpg,0.7531278619990189,1,False
4614,000000535156.jpg,0.7323764590000792,2,False
4615,000000535253.jpg,0.7296829009992507,1,False
4616,000000535306.jpg,0.7343731649998517,2,False
4618,000000535578.jpg,0.7239118649995362,7,False
4620,000000535858.jpg,0.7182773780004936,1,False
4622,000000536073.jpg,0.7346884880007565,4,False
4623,000000536343.jpg,0.7167876240000624,0,False
4624,000000536947.jpg,0.7357995549991756,1,False
4625,000000537053.jpg,0.728495790001034,1,False
4626,000000537153.jpg,0.7397028120012692,1,False
4628,000000537270.jpg,0.7347262069997669,7,False
4630,000000537506.jpg,0.7418818499991175,9,False
4631,000000537672.jpg,0.738624723000612,2,False
4632,000000537802.jpg,0.7297185140014335,5,False
4633,000000537812.jpg,0.7330824229993596,2,False
4634,000000537827.jpg,0.717273642998407,5,False
4635,000000537964.jpg,0.7372855829999025,1,False
4636,000000537991.jpg,0.725778996000372,6,False
4638,000000538236.jpg,0.7238625579993823,9,False
4640,000000538458.jpg,0.7719611769989569,5,False
4642,000000539445.jpg,0.7440554610002437,1,False
4643,000000539883.jpg,0.7384056589999091,2,False
4644,000000539962.jpg,0.7437757669995335,2,False
4645,000000540280.jpg,0.7257049939998979,1,False
4646,000000540414.jpg,0.7483058500001789,16,False
4647,000000540466.jpg,0.7306132960002287,1,False
4649,000000540928.jpg,0.741101659999913,0,False
4650,000000540932.jpg,0.7269727300008526,6,False
4651,000000540962.jpg,0.740399857999364,2,False
4652,000000541055.jpg,0.7168409610003437,5,False
4653,000000541123.jpg,0.7404690669991396,7,False
4655,000000541634.jpg,0.7468616260011913,7,False
4657,000000541773.jpg,0.7266341340000508,11,False
4659,000000542073.jpg,0.7252232800001366,0,False
4660,000000542089.jpg,0.7422100370004046,1,False
4662,000000542423.jpg,0.721669952999946,3,False
4663,000000542625.jpg,0.7386697649999405,7,False
4665,000000542856.jpg,0.7410195720003685,4,False
4667,000000543047.jpg,0.7500626580003882,8,False
4669,000000543528.jpg,0.7288462839987915,1,False
4671,000000544052.jpg,0.7479781820002245,2,False
4673,000000544444.jpg,0.734685625999191,2,False
4675,000000544565.jpg,0.7504495070006669,3,False
4676,000000544605.jpg,0.7273555070005386,1,False
4677,000000544811.jpg,0.7414194270004373,2,False
4678,000000545007.jpg,0.7236325329995452,2,False
4679,000000545100.jpg,0.7361255640007585,4,False
4680,000000545129.jpg,0.7262786009996489,3,False
4681,000000545219.jpg,0.7580783079993125,5,False
4683,000000545594.jpg,0.7285661320001964,6,False
4684,000000545730.jpg,0.7385104889999639,8,False
4685,000000545826.jpg,0.7249290489999112,1,False
4686,000000545958.jpg,0.7382946990001074,1,False
4687,000000546011.jpg,0.718216848999873,3,False
4688,000000546219.jpg,0.7374044730004243,18,False
4689,000000546325.jpg,0.7281792249996215,2,False
4690,000000546475.jpg,0.7339630709993799,2,False
4692,000000546626.jpg,0.7720686880002177,4,False
4694,000000546717.jpg,0.7247651150009915,4,False
4695,000000546823.jpg,0.742506033000609,11,False
4696,000000546826.jpg,0.7284447639995051,1,False
4697,000000546829.jpg,0.7301814869988448,2,False
4698,000000546964.jpg,0.7227248680010234,11,False
4699,000000546976.jpg,0.7350283089999721,1,False
4700,000000547144.jpg,0.7257238199999847,7,False
4701,000000547336.jpg,0.7335521629993309,2,False
4702,000000547383.jpg,0.7180889080009365,2,False
4703,000000547502.jpg,0.7393112160007149,5,False
4704,000000547519.jpg,0.7229391180007951,1,False
4705,000000547816.jpg,0.7379144759997871,1,False
4706,000000547854.jpg,0.7216313789995183,4,False
4707,000000547886.jpg,0.7349058279996825,7,False
4708,000000548246.jpg,0.7217416950006736,4,False
4709,000000548267.jpg,0.7530580229995394,12,False
4710,000000548339.jpg,0.7214458140006172,6,False
4711,000000548506.jpg,0.7492191799992725,9,False
4712,000000548524.jpg,0.7269664609993924,1,False
4713,000000548555.jpg,0.7341799410005478,1,False
4714,000000548780.jpg,0.7224600709996594,9,False
4715,000000549055.jpg,0.7318737109999347,2,False
4716,000000549136.jpg,0.7255415790004918,1,False
4717,000000549167.jpg,0.7344022809993476,2,False
4718,000000549220.jpg,0.7210641309993662,7,False
4719,000000549390.jpg,0.7293413400002464,6,False
4720,000000549674.jpg,0.7239021230016078,9,False
4721,000000549738.jpg,0.715132609999273,7,False
4722,000000549930.jpg,0.7333138030007831,4,False
4723,000000550084.jpg,0.717257480000626,0,False
4724,000000550322.jpg,0.7410941670004831,2,False
4726,000000550426.jpg,0.7372763359999226,1,False
4727,000000550471.jpg,0.7238939100006974,1,False
4728,000000550691.jpg,0.7396734070007369,5,False
4729,000000550714.jpg,0.7212214419996599,1,False
4730,000000550797.jpg,0.737673748000816,1,False
4731,000000550939.jpg,0.7252205700006016,1,False
4733,000000551304.jpg,0.7437153859991668,1,False
4735,000000551439.jpg,0.7439137330002268,2,False
4737,000000551780.jpg,0.7266291760006425,1,False
4739,000000551804.jpg,0.7283970799999224,2,False
4741,000000551820.jpg,0.7240336790000583,11,False
4743,000000552371.jpg,0.731466947001536,1,False
4745,000000552775.jpg,0.7341256020008586,6,False
4746,000000552842.jpg,0.7249766639997688,2,False
4747,000000552883.jpg,0.7469343750017288,0,False
4748,000000552902.jpg,0.7284363519993349,1,False
4749,000000553094.jpg,0.74043217200051,1,False
4751,000000553339.jpg,0.7228256890011835,0,False
4752,000000553511.jpg,0.7394605870013038,6,False
4753,000000553664.jpg,0.7313586569998733,3,False
4755,000000553731.jpg,0.725452103999487,4,False
4756,000000553776.jpg,0.737971935999667,1,False
4758,000000553990.jpg,0.729979091000132,2,False
4760,000000554156.jpg,0.7231168259986589,2,False
4761,000000554266.jpg,0.7365994270003284,3,False
4763,000000554328.jpg,0.7233471920008014,4,False
4764,000000554579.jpg,0.7372170830003597,5,False
4765,000000554595.jpg,0.7234217309996893,2,False
4766,000000554735.jpg,0.7390411420001328,2,False
4767,000000554838.jpg,0.725854023001375,4,False
4768,000000555005.jpg,0.7516255119990092,1,False
4770,000000555012.jpg,0.7386707739988196,1,False
4771,000000555050.jpg,0.722454705999553,6,False
4772,000000555412.jpg,0.7468141179997474,1,False
4773,000000555597.jpg,0.7273468240000511,7,False
4774,000000555705.jpg,0.7410540519995266,2,False
4776,000000556000.jpg,0.7244905190000281,7,False
4777,000000556158.jpg,0.7356295699992188,2,False
4778,000000556193.jpg,0.7246802600002411,4,False
4780,000000556765.jpg,0.7280735340009414,1,False
4782,000000557172.jpg,0.7468428320007661,2,False
4783,000000557258.jpg,0.7212739909991797,1,False
4785,000000557672.jpg,0.7210506349983916,3,False
4786,000000557884.jpg,0.7399136620006175,1,False
4788,000000558073.jpg,0.7241066179994959,1,False
4790,000000558213.jpg,0.726259218999985,5,False
4791,000000558421.jpg,0.7473005009996996,1,False
4792,000000558558.jpg,0.725609766001071,2,False
4793,000000558854.jpg,0.7447582349996082,8,False
4794,000000559099.jpg,0.7632345260008151,14,False
4795,000000559160.jpg,0.7446047579996957,4,False
4797,000000559513.jpg,0.7247636810006952,5,False
4798,000000559543.jpg,0.7274213220007368,5,False
4799,000000559547.jpg,0.7272593629986659,3,False
4801,000000559842.jpg,0.7174872709983902,15,False
4802,000000559956.jpg,0.7447333060008532,7,False
4803,000000560011.jpg,0.7275954480010114,2,False
4804,000000560178.jpg,0.7440770020002674,1,False
4806,000000560266.jpg,0.7259663120003097,2,False
4808,000000560312.jpg,0.7224919520012918,1,False
4810,000000560474.jpg,0.723428065999542,11,False
4812,000000560911.jpg,0.7348340150001604,1,False
4813,000000561009.jpg,0.7260324960006983,1,False
4814,000000561223.jpg,0.736537500999475,1,False
4815,000000561256.jpg,0.7270194709999487,2,False
4816,000000561335.jpg,0.7370181460009917,1,False
4817,000000561366.jpg,0.734768783000618,2,False
4819,000000561679.jpg,0.7258160890014551,0,False
4820,000000561889.jpg,0.7465255090010032,4,False
4822,000000562059.jpg,0.7305360360005579,5,False
4823,000000562121.jpg,0.7452881449989945,4,False
4824,000000562197.jpg,0.7300862470001448,2,False
4825,000000562207.jpg,0.7423546419995546,4,False
4826,000000562229.jpg,0.7269510779988195,4,False
4828,000000562443.jpg,0.726185503999659,1,False
4830,000000562561.jpg,0.7442839049999748,2,False
4832,000000562818.jpg,0.7405147319987009,6,False
4834,000000563267.jpg,0.7203000410008826,9,False
4835,000000563281.jpg,0.7321799400015152,1,False
4837,000000563470.jpg,0.7429926929999056,2,False
4838,000000563603.jpg,0.7267593219985429,3,False
4839,000000563604.jpg,0.751340036998954,8,False
4840,000000563648.jpg,0.7322516399999586,6,False
4841,000000563653.jpg,0.7597993790004693,9,False
4842,000000563702.jpg,0.729827834000389,4,False
4844,000000563882.jpg,0.7166504399992846,3,False
4845,000000564023.jpg,0.7218610730014916,1,False
4846,000000564091.jpg,0.7351608289991418,3,False
4847,000000564127.jpg,0.7225571620001574,1,False
4849,000000564280.jpg,0.7196733869986929,3,False
4851,000000565012.jpg,0.7359726019985828,2,False
4852,000000565045.jpg,0.7238081710002007,1,False
4854,000000565391.jpg,0.72044065999944,2,False
4856,000000565563.jpg,0.7189193889989838,5,False
4857,000000565597.jpg,0.7296142809991579,3,False
4858,000000565607.jpg,0.7365138240002125,1,False
4859,000000565624.jpg,0.724229801000547,2,False
4860,000000565776.jpg,0.735118971000702,6,False
4861,000000565778.jpg,0.7276800460003869,3,False
4862,000000565853.jpg,0.7381664429994998,7,False
4863,000000565877.jpg,0.7308763879991602,4,False
4864,000000565962.jpg,0.7405069589985942,0,False
4866,000000566042.jpg,0.7349278020010388,5,False
4867,000000566282.jpg,0.7317075029986881,11,False
4868,000000566436.jpg,0.7400321059994894,2,False
4869,000000566524.jpg,0.7237584739996237,3,False
4871,000000566923.jpg,0.7391491620001034,10,False
4872,000000567011.jpg,0.7210651409986895,2,False
4873,000000567197.jpg,0.7284205870000733,3,False
4874,000000567432.jpg,0.7221171519995551,1,False
4875,000000567640.jpg,0.7371030020003673,8,False
4876,000000567740.jpg,0.7219301929999347,4,False
4877,000000567825.jpg,0.7399618470008136,3,False
4878,000000567886.jpg,0.7219273810005689,2,False
4879,000000567898.jpg,0.7350582309991296,7,False
4880,000000568147.jpg,0.7566192759986734,5,False
4881,000000568195.jpg,0.7401181090008322,10,False
4882,000000568213.jpg,0.7300031559989293,3,False
4883,000000568290.jpg,0.7498385140006576,3,False
4884,000000568439.jpg,0.7236174449990358,12,False
4885,000000568584.jpg,0.7410374379996938,2,False
4886,000000568690.jpg,0.7308161529999779,2,False
4888,000000568814.jpg,0.725955525000245,3,False
4889,000000568981.jpg,0.7206765610008006,4,False
4890,000000569030.jpg,0.7404571789993497,8,False
4891,000000569059.jpg,0.7288034810007957,4,False
4892,000000569273.jpg,0.7342696320010873,4,False
4893,000000569565.jpg,0.7233317619993613,2,False
4894,000000569700.jpg,0.739347862001523,1,False
4895,000000569825.jpg,0.7250500789996295,2,False
4897,000000569972.jpg,0.7269009030005691,2,False
4898,000000569976.jpg,0.7416620540006988,3,False
4899,000000570169.jpg,0.7264907429998857,1,False
4900,000000570448.jpg,0.740196273998663,2,False
4902,000000570471.jpg,0.7243615339993994,6,False
4904,000000570664.jpg,0.7248692220000521,3,False
4905,000000570688.jpg,0.7474561479994009,24,False
4907,000000570756.jpg,0.7228491040004883,5,False
4909,000000570834.jpg,0.730201649999799,4,False
4911,000000571264.jpg,0.7201439069995104,2,False
4913,000000571598.jpg,0.7452240570000868,9,False
4915,000000571804.jpg,0.7434519529997488,2,False
4917,000000571893.jpg,0.7239757090010244,2,False
4918,000000571943.jpg,0.7407931920006376,2,False
4919,000000572303.jpg,0.7271331419997296,1,False
4920,000000572388.jpg,0.7444019180002215,2,False
4921,000000572408.jpg,0.7310947909991228,3,False
4923,000000572517.jpg,0.726748712000699,1,False
4925,000000572620.jpg,0.7338877980000689,14,False
4927,000000572900.jpg,0.7430396790005034,4,False
4928,000000572956.jpg,0.7255470000000059,5,False
4930,000000573094.jpg,0.7356395380011236,3,False
4932,000000573391.jpg,0.7433044710014656,1,False
4933,000000573626.jpg,0.7264142299991363,1,False
4935,000000574297.jpg,0.7313035420011147,2,False
4937,000000574425.jpg,0.7343012790006469,2,False
4939,000000574702.jpg,0.7412873480006965,9,False
4941,000000574823.jpg,0.7250114960006613,5,False
4942,000000575081.jpg,0.7452700210014882,4,False
4943,000000575187.jpg,0.7194037190001836,2,False
4944,000000575205.jpg,0.7412182110001595,2,False
4945,000000575243.jpg,0.7247140580002451,6,False
4946,000000575357.jpg,0.7386262380005064,2,False
4947,000000575372.jpg,0.7214960170003906,4,False
4948,000000575500.jpg,0.7370764030001737,1,False
4949,000000575815.jpg,0.7512446359996829,1,False
4950,000000575970.jpg,0.7397968410004978,10,False
4951,000000576031.jpg,0.722508287999517,5,False
4952,000000576052.jpg,0.7409043690004182,2,False
4953,000000576566.jpg,0.7238150739995035,2,False
4955,000000576955.jpg,0.7214656039996044,4,False
4956,000000577149.jpg,0.7242509850002534,4,False
4957,000000577182.jpg,0.7368828079997911,3,False
4958,000000577539.jpg,0.7239548049983568,2,False
4959,000000577584.jpg,0.7264549849987816,2,False
4960,000000577735.jpg,0.7264859860006254,2,False
4961,000000577862.jpg,0.7363155939983699,2,False
4962,000000577864.jpg,0.7251210930007801,4,False
4963,000000577932.jpg,0.7425799060001737,12,False
4965,000000577976.jpg,0.7367140259993903,3,False
4966,000000578093.jpg,0.7219917800011899,1,False
4967,000000578236.jpg,0.740483953999501,2,False
4968,000000578489.jpg,0.7231474380005238,10,False
4969,000000578500.jpg,0.7297976710015064,5,False
4970,000000578545.jpg,0.724596924999787,3,False
4972,000000578871.jpg,0.7349344989997917,9,False
4974,000000578967.jpg,0.7278412590003427,1,False
4976,000000579091.jpg,0.7266837219995068,2,False
4978,000000579307.jpg,0.7291015020000486,3,False
4979,000000579321.jpg,0.7441830039988417,2,False
4980,000000579635.jpg,0.7289837260013883,3,False
4982,000000579818.jpg,0.7319044269988808,2,False
4983,000000579893.jpg,0.7242706679990079,1,False
4985,000000579902.jpg,0.7323164110002836,3,False
4986,000000579970.jpg,0.7401752259993373,3,False
4988,000000580294.jpg,0.726154977999613,4,False
4989,000000580410.jpg,0.7411106320014369,4,False
4990,000000580418.jpg,0.726291756000137,5,False
4991,000000580757.jpg,0.7452546479999,1,False
4993,000000581100.jpg,0.7322782800001733,3,False
4995,000000581317.jpg,0.72628447399984,2,False
4996,000000581357.jpg,0.7415719199998421,3,False
4997,000000581482.jpg,0.7568144960005156,1,False
4998,000000581615.jpg,0.7337705709996953,1,False
4999,000000581781.jpg,0.7290615790006996,6,False
